filename,mcd_dB
KAS_F_ANGER_00012.wav,5.7123
KAS_F_ANGER_00033.wav,5.9697
KAS_F_ANGER_00034.wav,5.7933
KAS_F_ANGER_00071.wav,5.3831
KAS_F_ANGER_00074.wav,6.0914
KAS_F_ANGER_00081.wav,6.2657
KAS_F_ANGER_00090.wav,5.8656
KAS_F_ANGER_00102.wav,5.6340
KAS_F_ANGER_00106.wav,6.0858
KAS_F_ANGER_00118.wav,5.5973
KAS_F_ANGER_00121.wav,5.9229
KAS_F_ANGER_00123.wav,5.9972
KAS_F_ANGER_00125.wav,5.5629
KAS_F_ANGER_00129.wav,5.2385
KAS_F_ANGER_00137.wav,5.5434
KAS_F_ANGER_00144.wav,5.6884
KAS_F_ANGER_00157.wav,5.7954
KAS_F_ANGER_00175.wav,6.0764
KAS_F_ANGER_00189.wav,5.7736
KAS_F_ANGER_00190.wav,5.6746
KAS_F_ANGER_00193.wav,5.7164
KAS_F_ANGER_00197.wav,5.6804
KAS_F_ANGER_00202.wav,5.8492
KAS_F_ANGER_00207.wav,5.5851
KAS_F_ANGER_00208.wav,5.8247
KAS_F_ANGER_00209.wav,5.9950
KAS_F_ANGER_00212.wav,5.3805
KAS_F_CONV_00006.wav,4.6387
KAS_F_CONV_00010.wav,5.1940
KAS_F_CONV_00011.wav,4.8292
KAS_F_CONV_00014.wav,5.2206
KAS_F_CONV_00017.wav,4.3415
KAS_F_CONV_00020.wav,5.0133
KAS_F_CONV_00029.wav,5.0110
KAS_F_CONV_00041.wav,4.7667
KAS_F_CONV_00043.wav,5.5938
KAS_F_CONV_00060.wav,4.7091
KAS_F_CONV_00067.wav,5.0395
KAS_F_CONV_00079.wav,4.8830
KAS_F_CONV_00080.wav,5.2029
KAS_F_CONV_00089.wav,5.0867
KAS_F_CONV_00096.wav,5.0767
KAS_F_CONV_00108.wav,5.3740
KAS_F_CONV_00109.wav,4.8079
KAS_F_CONV_00131.wav,4.9858
KAS_F_CONV_00146.wav,4.6606
KAS_F_CONV_00164.wav,4.8455
KAS_F_CONV_00192.wav,5.1624
KAS_F_CONV_00209.wav,4.9256
KAS_F_CONV_00212.wav,5.0141
KAS_F_CONV_00216.wav,5.1800
KAS_F_CONV_00217.wav,4.7652
KAS_F_CONV_00222.wav,5.0833
KAS_F_CONV_00227.wav,4.9840
KAS_F_CONV_00243.wav,4.9424
KAS_F_CONV_00255.wav,5.0857
KAS_F_CONV_00267.wav,4.3516
KAS_F_CONV_00292.wav,4.6228
KAS_F_CONV_00305.wav,4.8531
KAS_F_CONV_00311.wav,4.9604
KAS_F_CONV_00313.wav,4.8892
KAS_F_CONV_00328.wav,5.4114
KAS_F_CONV_00334.wav,4.9405
KAS_F_CONV_00356.wav,4.9494
KAS_F_CONV_00367.wav,4.9789
KAS_F_CONV_00448.wav,4.7401
KAS_F_CONV_00456.wav,5.4866
KAS_F_CONV_00461.wav,4.4346
KAS_F_CONV_00477.wav,4.8586
KAS_F_CONV_00490.wav,4.8211
KAS_F_CONV_00493.wav,4.6793
KAS_F_CONV_00495.wav,5.3604
KAS_F_CONV_00498.wav,4.7688
KAS_F_CONV_00505.wav,5.6901
KAS_F_CONV_00506.wav,4.8615
KAS_F_CONV_00513.wav,4.2796
KAS_F_CONV_00528.wav,5.3651
KAS_F_CONV_00532.wav,5.1298
KAS_F_CONV_00537.wav,5.2173
KAS_F_CONV_00563.wav,5.2241
KAS_F_CONV_00570.wav,4.8033
KAS_F_CONV_00580.wav,4.9797
KAS_F_CONV_00581.wav,5.1689
KAS_F_CONV_00593.wav,5.4313
KAS_F_CONV_00630.wav,5.3243
KAS_F_CONV_00636.wav,6.0445
KAS_F_CONV_00643.wav,5.3690
KAS_F_CONV_00647.wav,5.2655
KAS_F_CONV_00664.wav,4.8361
KAS_F_CONV_00677.wav,5.6464
KAS_F_CONV_00678.wav,5.5252
KAS_F_CONV_00681.wav,5.2867
KAS_F_CONV_00684.wav,4.7261
KAS_F_CONV_00713.wav,5.2083
KAS_F_CONV_00714.wav,5.0890
KAS_F_CONV_00717.wav,5.0181
KAS_F_CONV_00728.wav,5.2849
KAS_F_CONV_00760.wav,5.4251
KAS_F_CONV_00765.wav,5.2765
KAS_F_CONV_00791.wav,5.1458
KAS_F_DISGUST_00005.wav,5.5224
KAS_F_DISGUST_00036.wav,5.1326
KAS_F_DISGUST_00060.wav,5.3670
KAS_F_DISGUST_00067.wav,5.0366
KAS_F_DISGUST_00072.wav,5.5819
KAS_F_DISGUST_00077.wav,5.3178
KAS_F_DISGUST_00086.wav,5.1369
KAS_F_DISGUST_00097.wav,4.7757
KAS_F_DISGUST_00117.wav,5.1939
KAS_F_DISGUST_00122.wav,4.6053
KAS_F_DISGUST_00129.wav,5.1096
KAS_F_DISGUST_00136.wav,5.5144
KAS_F_DISGUST_00138.wav,5.3092
KAS_F_DISGUST_00169.wav,5.1959
KAS_F_DISGUST_00187.wav,5.1635
KAS_F_DISGUST_00218.wav,4.9729
KAS_F_DISGUST_00219.wav,5.1691
KAS_F_DISGUST_00223.wav,5.6517
KAS_F_DISGUST_00228.wav,4.9179
KAS_F_DISGUST_00229.wav,4.8823
KAS_F_DISGUST_00241.wav,5.1189
KAS_F_DISGUST_00255.wav,5.2208
KAS_F_DISGUST_00256.wav,5.3023
KAS_F_DISGUST_00258.wav,5.2336
KAS_F_DISGUST_00260.wav,5.3065
KAS_F_DISGUST_00262.wav,5.0420
KAS_F_DISGUST_00271.wav,5.0835
KAS_F_DISGUST_00272.wav,5.3411
KAS_F_DISGUST_00280.wav,5.1639
KAS_F_FEAR_00002.wav,4.7984
KAS_F_FEAR_00007.wav,4.8485
KAS_F_FEAR_00013.wav,4.6772
KAS_F_FEAR_00018.wav,4.4249
KAS_F_FEAR_00043.wav,4.8200
KAS_F_FEAR_00058.wav,4.9099
KAS_F_FEAR_00060.wav,4.5501
KAS_F_FEAR_00072.wav,4.8515
KAS_F_FEAR_00077.wav,5.0617
KAS_F_FEAR_00078.wav,4.8084
KAS_F_FEAR_00081.wav,4.9364
KAS_F_FEAR_00083.wav,4.5934
KAS_F_FEAR_00097.wav,4.8900
KAS_F_FEAR_00121.wav,4.8626
KAS_F_FEAR_00162.wav,5.1554
KAS_F_FEAR_00164.wav,4.8783
KAS_F_FEAR_00165.wav,4.8709
KAS_F_FEAR_00172.wav,5.3229
KAS_F_FEAR_00177.wav,4.8756
KAS_F_FEAR_00178.wav,4.6369
KAS_F_FEAR_00187.wav,5.2690
KAS_F_FEAR_00188.wav,5.2224
KAS_F_FEAR_00208.wav,5.0894
KAS_F_FEAR_00211.wav,5.0698
KAS_F_FEAR_00217.wav,4.8305
KAS_F_FEAR_00224.wav,5.2405
KAS_F_FEAR_00225.wav,4.5889
KAS_F_HAPPY_00001.wav,4.9890
KAS_F_HAPPY_00020.wav,5.6855
KAS_F_HAPPY_00029.wav,5.5260
KAS_F_HAPPY_00030.wav,5.4727
KAS_F_HAPPY_00059.wav,5.4980
KAS_F_HAPPY_00071.wav,5.5636
KAS_F_HAPPY_00076.wav,5.1384
KAS_F_HAPPY_00080.wav,5.1826
KAS_F_HAPPY_00081.wav,5.4455
KAS_F_HAPPY_00085.wav,5.2245
KAS_F_HAPPY_00099.wav,5.8080
KAS_F_HAPPY_00111.wav,6.0601
KAS_F_HAPPY_00114.wav,5.2544
KAS_F_HAPPY_00124.wav,5.3320
KAS_F_HAPPY_00126.wav,5.3048
KAS_F_HAPPY_00133.wav,4.8071
KAS_F_HAPPY_00164.wav,5.3706
KAS_F_HAPPY_00165.wav,5.7439
KAS_F_HAPPY_00184.wav,5.2449
KAS_F_HAPPY_00190.wav,5.3493
KAS_F_HAPPY_00205.wav,5.3645
KAS_F_HAPPY_00206.wav,5.7435
KAS_F_HAPPY_00232.wav,5.5496
KAS_F_NAMES_00015.wav,4.8244
KAS_F_NAMES_00016.wav,4.8157
KAS_F_NAMES_00020.wav,3.8456
KAS_F_NAMES_00024.wav,5.2787
KAS_F_NAMES_00028.wav,5.3421
KAS_F_NAMES_00039.wav,5.0891
KAS_F_NAMES_00042.wav,4.7780
KAS_F_NAMES_00054.wav,4.8942
KAS_F_NAMES_00070.wav,4.3432
KAS_F_NAMES_00108.wav,4.5911
KAS_F_NAMES_00117.wav,5.0659
KAS_F_NAMES_00121.wav,5.4724
KAS_F_NAMES_00124.wav,5.4237
KAS_F_NAMES_00125.wav,5.8186
KAS_F_NAMES_00155.wav,5.8339
KAS_F_NAMES_00161.wav,5.7604
KAS_F_NAMES_00172.wav,6.1834
KAS_F_NAMES_00176.wav,5.1184
KAS_F_NAMES_00177.wav,5.8666
KAS_F_NAMES_00183.wav,6.0898
KAS_F_NAMES_00203.wav,5.4688
KAS_F_NAMES_00204.wav,5.5126
KAS_F_NAMES_00239.wav,5.6130
KAS_F_NAMES_00240.wav,4.8728
KAS_F_NAMES_00248.wav,5.4381
KAS_F_NAMES_00259.wav,6.0466
KAS_F_NAMES_00260.wav,5.6931
KAS_F_NAMES_00263.wav,5.8406
KAS_F_NAMES_00264.wav,5.8725
KAS_F_NAMES_00293.wav,6.0969
KAS_F_NAMES_00297.wav,6.0946
KAS_F_NAMES_00298.wav,5.6282
KAS_F_NAMES_00330.wav,5.9417
KAS_F_NAMES_00358.wav,5.5819
KAS_F_NAMES_00363.wav,5.5537
KAS_F_NAMES_00408.wav,5.5912
KAS_F_NAMES_00414.wav,5.7647
KAS_F_NAMES_00419.wav,5.7658
KAS_F_NAMES_00434.wav,6.2538
KAS_F_NAMES_00466.wav,5.8782
KAS_F_NAMES_00469.wav,5.5595
KAS_F_NAMES_00471.wav,5.3801
KAS_F_NAMES_00484.wav,6.9387
KAS_F_NAMES_00488.wav,6.1374
KAS_F_NAMES_00500.wav,6.8667
KAS_F_NAMES_00505.wav,6.1878
KAS_F_NAMES_00511.wav,5.8123
KAS_F_NAMES_00513.wav,6.2109
KAS_F_NAMES_00539.wav,5.2608
KAS_F_NAMES_00541.wav,5.5618
KAS_F_NAMES_00547.wav,4.8722
KAS_F_NAMES_00576.wav,5.7130
KAS_F_NAMES_00582.wav,6.3674
KAS_F_NAMES_00587.wav,5.5302
KAS_F_NAMES_00604.wav,6.4277
KAS_F_NAMES_00610.wav,5.4294
KAS_F_NAMES_00611.wav,5.6610
KAS_F_NAMES_00617.wav,6.1569
KAS_F_NAMES_00627.wav,6.0401
KAS_F_NAMES_00631.wav,5.7984
KAS_F_NAMES_00634.wav,5.9028
KAS_F_NAMES_00650.wav,6.0788
KAS_F_NAMES_00662.wav,5.8129
KAS_F_NAMES_00664.wav,5.6396
KAS_F_NAMES_00666.wav,6.5229
KAS_F_NAMES_00685.wav,6.0029
KAS_F_NAMES_00708.wav,5.6415
KAS_F_NAMES_00720.wav,5.6869
KAS_F_NAMES_00736.wav,5.7126
KAS_F_NAMES_00754.wav,5.6843
KAS_F_NAMES_00786.wav,6.1742
KAS_F_NAMES_00812.wav,4.8524
KAS_F_NAMES_00814.wav,5.2840
KAS_F_NAMES_00823.wav,5.6043
KAS_F_NAMES_00830.wav,4.6224
KAS_F_NAMES_00844.wav,6.4734
KAS_F_NAMES_00858.wav,6.6328
KAS_F_NAMES_00862.wav,5.2313
KAS_F_NAMES_00873.wav,5.9215
KAS_F_NAMES_00878.wav,5.1718
KAS_F_NAMES_00885.wav,5.8075
KAS_F_NAMES_00896.wav,6.7373
KAS_F_NAMES_00899.wav,6.0479
KAS_F_NAMES_00901.wav,6.4266
KAS_F_NAMES_00911.wav,6.4688
KAS_F_NAMES_00914.wav,6.4310
KAS_F_NAMES_00927.wav,5.9855
KAS_F_NAMES_00934.wav,6.6804
KAS_F_NAMES_00944.wav,5.6431
KAS_F_NAMES_00945.wav,6.7273
KAS_F_NAMES_00949.wav,5.9477
KAS_F_NAMES_00954.wav,5.3759
KAS_F_NAMES_00961.wav,6.6150
KAS_F_NAMES_00971.wav,7.3461
KAS_F_NAMES_00977.wav,6.7168
KAS_F_NAMES_01018.wav,5.1155
KAS_F_NAMES_01024.wav,5.9712
KAS_F_NAMES_01028.wav,4.9065
KAS_F_NAMES_01034.wav,5.4587
KAS_F_NAMES_01039.wav,5.9407
KAS_F_NAMES_01046.wav,6.3734
KAS_F_NAMES_01047.wav,6.2105
KAS_F_NAMES_01050.wav,5.9232
KAS_F_NAMES_01054.wav,4.9602
KAS_F_NAMES_01071.wav,5.4911
KAS_F_NAMES_01078.wav,5.6538
KAS_F_NAMES_01081.wav,4.7742
KAS_F_NAMES_01090.wav,5.3773
KAS_F_NAMES_01095.wav,6.4601
KAS_F_NAMES_01113.wav,4.8488
KAS_F_NAMES_01114.wav,5.8521
KAS_F_NAMES_01116.wav,6.5806
KAS_F_NAMES_01121.wav,5.8212
KAS_F_NAMES_01133.wav,6.0893
KAS_F_NAMES_01146.wav,5.8051
KAS_F_NAMES_01160.wav,5.6415
KAS_F_NAMES_01164.wav,5.0403
KAS_F_NAMES_01170.wav,5.9209
KAS_F_NAMES_01175.wav,5.6818
KAS_F_NAMES_01177.wav,5.5225
KAS_F_NAMES_01192.wav,6.2555
KAS_F_NAMES_01194.wav,5.5769
KAS_F_NAMES_01211.wav,5.9534
KAS_F_NAMES_01223.wav,5.7043
KAS_F_NAMES_01244.wav,5.6694
KAS_F_NAMES_01259.wav,5.6474
KAS_F_NAMES_01264.wav,5.3604
KAS_F_NAMES_01276.wav,5.8759
KAS_F_NAMES_01281.wav,5.0096
KAS_F_NAMES_01287.wav,5.4448
KAS_F_NAMES_01291.wav,5.3577
KAS_F_NAMES_01301.wav,5.4531
KAS_F_NAMES_01308.wav,6.1875
KAS_F_NAMES_01324.wav,5.1156
KAS_F_NAMES_01326.wav,5.4686
KAS_F_NAMES_01332.wav,5.3816
KAS_F_NAMES_01336.wav,5.7304
KAS_F_NAMES_01383.wav,5.4608
KAS_F_NAMES_01388.wav,5.9423
KAS_F_NAMES_01394.wav,5.3450
KAS_F_NAMES_01397.wav,5.6610
KAS_F_NAMES_01424.wav,6.2234
KAS_F_NAMES_01464.wav,5.5243
KAS_F_NAMES_01495.wav,5.2151
KAS_F_NAMES_01496.wav,5.9299
KAS_F_NAMES_01500.wav,5.0296
KAS_F_NAMES_01506.wav,5.4773
KAS_F_NAMES_01532.wav,5.5345
KAS_F_NAMES_01536.wav,5.4310
KAS_F_NAMES_01548.wav,5.2023
KAS_F_NAMES_01559.wav,4.9144
KAS_F_NAMES_01579.wav,5.1881
KAS_F_NAMES_01586.wav,5.5772
KAS_F_NAMES_01598.wav,5.4951
KAS_F_NAMES_01607.wav,6.3706
KAS_F_NAMES_01608.wav,5.9696
KAS_F_NAMES_01612.wav,5.9820
KAS_F_NAMES_01618.wav,5.7583
KAS_F_NAMES_01629.wav,5.4120
KAS_F_NAMES_01632.wav,6.1019
KAS_F_NAMES_01633.wav,5.6798
KAS_F_NAMES_01646.wav,5.2847
KAS_F_NAMES_01653.wav,5.9670
KAS_F_NAMES_01663.wav,5.2539
KAS_F_NAMES_01674.wav,5.6786
KAS_F_NAMES_01688.wav,5.2249
KAS_F_NAMES_01691.wav,5.4185
KAS_F_NAMES_01693.wav,5.7954
KAS_F_NAMES_01708.wav,5.4995
KAS_F_NAMES_01728.wav,5.0116
KAS_F_NAMES_01734.wav,5.3727
KAS_F_NAMES_01738.wav,6.3121
KAS_F_NAMES_01741.wav,5.3585
KAS_F_NAMES_01759.wav,5.4117
KAS_F_NAMES_01767.wav,5.6299
KAS_F_NAMES_01789.wav,6.2831
KAS_F_NAMES_01797.wav,5.6035
KAS_F_NAMES_01811.wav,5.2086
KAS_F_NAMES_01814.wav,6.0410
KAS_F_NAMES_01826.wav,5.5119
KAS_F_NAMES_01845.wav,5.2265
KAS_F_NAMES_01852.wav,5.3856
KAS_F_NAMES_01885.wav,5.4690
KAS_F_NAMES_01889.wav,5.6624
KAS_F_NAMES_01904.wav,5.4153
KAS_F_NAMES_01909.wav,5.8665
KAS_F_NAMES_01913.wav,5.5826
KAS_F_NAMES_01917.wav,5.8363
KAS_F_NAMES_01924.wav,5.3320
KAS_F_NAMES_01930.wav,5.6947
KAS_F_NAMES_01933.wav,5.2088
KAS_F_NAMES_01942.wav,5.2830
KAS_F_NAMES_01950.wav,5.2424
KAS_F_NAMES_01955.wav,5.4774
KAS_F_NAMES_01987.wav,5.7906
KAS_F_NAMES_02016.wav,5.7153
KAS_F_NAMES_02024.wav,5.2227
KAS_F_NAMES_02036.wav,4.8346
KAS_F_NAMES_02038.wav,5.0427
KAS_F_NAMES_02047.wav,5.8270
KAS_F_NAMES_02063.wav,5.1452
KAS_F_NAMES_02072.wav,6.2967
KAS_F_NAMES_02084.wav,5.4058
KAS_F_NAMES_02086.wav,5.8922
KAS_F_NAMES_02087.wav,5.6267
KAS_F_NAMES_02091.wav,6.1679
KAS_F_NAMES_02116.wav,5.6328
KAS_F_NAMES_02144.wav,5.4543
KAS_F_NAMES_02145.wav,5.7546
KAS_F_NAMES_02147.wav,5.5390
KAS_F_NAMES_02162.wav,5.5574
KAS_F_NAMES_02180.wav,5.6056
KAS_F_NAMES_02199.wav,5.2480
KAS_F_NAMES_02202.wav,6.4071
KAS_F_NAMES_02203.wav,5.6219
KAS_F_NAMES_02207.wav,5.8731
KAS_F_NAMES_02210.wav,5.8135
KAS_F_NAMES_02231.wav,5.4504
KAS_F_NAMES_02234.wav,5.6161
KAS_F_NAMES_02235.wav,6.4580
KAS_F_NAMES_02241.wav,5.4992
KAS_F_NAMES_02268.wav,5.7129
KAS_F_NAMES_02274.wav,5.8922
KAS_F_NAMES_02284.wav,6.0022
KAS_F_NAMES_02286.wav,5.4926
KAS_F_NAMES_02302.wav,6.4463
KAS_F_NAMES_02323.wav,6.0777
KAS_F_NAMES_02327.wav,6.0547
KAS_F_NAMES_02329.wav,5.2804
KAS_F_NAMES_02336.wav,6.0395
KAS_F_NAMES_02337.wav,5.7553
KAS_F_NAMES_02338.wav,4.4254
KAS_F_NAMES_02343.wav,6.0482
KAS_F_NAMES_02361.wav,5.8408
KAS_F_NAMES_02362.wav,5.2602
KAS_F_NAMES_02374.wav,5.6506
KAS_F_NAMES_02377.wav,4.8938
KAS_F_NAMES_02392.wav,5.4740
KAS_F_NAMES_02400.wav,6.1778
KAS_F_NAMES_02418.wav,5.5071
KAS_F_NAMES_02421.wav,4.3784
KAS_F_NAMES_02455.wav,5.2268
KAS_F_NAMES_02462.wav,5.6016
KAS_F_NAMES_02466.wav,4.9081
KAS_F_NAMES_02470.wav,5.3173
KAS_F_NAMES_02471.wav,5.6939
KAS_F_NAMES_02479.wav,5.2569
KAS_F_NAMES_02496.wav,5.1200
KAS_F_NAMES_02499.wav,5.6474
KAS_F_NAMES_02515.wav,4.8997
KAS_F_NAMES_02535.wav,5.0532
KAS_F_NAMES_02540.wav,5.2331
KAS_F_NAMES_02556.wav,5.8360
KAS_F_NAMES_02560.wav,5.7623
KAS_F_SAD_00005.wav,4.8971
KAS_F_SAD_00012.wav,4.8941
KAS_F_SAD_00028.wav,4.2914
KAS_F_SAD_00029.wav,4.3387
KAS_F_SAD_00036.wav,4.5955
KAS_F_SAD_00038.wav,4.3295
KAS_F_SAD_00057.wav,4.6610
KAS_F_SAD_00066.wav,4.6691
KAS_F_SAD_00090.wav,4.4797
KAS_F_SAD_00102.wav,4.5495
KAS_F_SAD_00104.wav,4.7944
KAS_F_SAD_00114.wav,4.7229
KAS_F_SAD_00125.wav,4.2603
KAS_F_SAD_00136.wav,4.3838
KAS_F_SAD_00141.wav,4.4205
KAS_F_SAD_00143.wav,4.7945
KAS_F_SAD_00158.wav,4.5904
KAS_F_SAD_00170.wav,4.3135
KAS_F_SAD_00177.wav,4.9039
KAS_F_SAD_00195.wav,4.3391
KAS_F_SAD_00203.wav,4.9112
KAS_F_SAD_00206.wav,4.2606
KAS_F_SAD_00209.wav,4.9294
KAS_F_SAD_00212.wav,4.8157
KAS_F_SURPRISE_00017.wav,4.7437
KAS_F_SURPRISE_00027.wav,4.9950
KAS_F_SURPRISE_00032.wav,4.8719
KAS_F_SURPRISE_00033.wav,4.4828
KAS_F_SURPRISE_00048.wav,4.7932
KAS_F_SURPRISE_00049.wav,5.1420
KAS_F_SURPRISE_00053.wav,5.0645
KAS_F_SURPRISE_00058.wav,4.7504
KAS_F_SURPRISE_00060.wav,4.8869
KAS_F_SURPRISE_00068.wav,5.0247
KAS_F_SURPRISE_00085.wav,4.9929
KAS_F_SURPRISE_00091.wav,4.5322
KAS_F_SURPRISE_00103.wav,4.8702
KAS_F_SURPRISE_00105.wav,5.1153
KAS_F_SURPRISE_00106.wav,5.0556
KAS_F_SURPRISE_00138.wav,4.5936
KAS_F_SURPRISE_00139.wav,4.7841
KAS_F_SURPRISE_00148.wav,4.9713
KAS_F_SURPRISE_00163.wav,4.7361
KAS_F_SURPRISE_00182.wav,4.1668
KAS_F_SURPRISE_00217.wav,4.9371
KAS_F_SURPRISE_00222.wav,4.4264
KAS_F_SURPRISE_00225.wav,4.7022
KAS_F_WIKI_00013.wav,3.9313
KAS_F_WIKI_00017.wav,4.3509
KAS_F_WIKI_00023.wav,4.8745
KAS_F_WIKI_00041.wav,4.7945
KAS_F_WIKI_00051.wav,4.5280
KAS_F_WIKI_00065.wav,4.5490
KAS_F_WIKI_00073.wav,4.7299
KAS_F_WIKI_00076.wav,4.6620
KAS_F_WIKI_00077.wav,4.4678
KAS_F_WIKI_00079.wav,4.7582
KAS_F_WIKI_00116.wav,4.7925
KAS_F_WIKI_00118.wav,4.6271
KAS_F_WIKI_00129.wav,4.5811
KAS_F_WIKI_00152.wav,4.5342
KAS_F_WIKI_00158.wav,4.6799
KAS_F_WIKI_00169.wav,4.8214
KAS_F_WIKI_00172.wav,4.6135
KAS_F_WIKI_00189.wav,4.7427
KAS_F_WIKI_00203.wav,4.8277
KAS_F_WIKI_00205.wav,4.3347
KAS_F_WIKI_00214.wav,4.4414
KAS_F_WIKI_00226.wav,4.4967
KAS_F_WIKI_00228.wav,4.6068
KAS_F_WIKI_00244.wav,4.5562
KAS_F_WIKI_00263.wav,5.0635
KAS_F_WIKI_00274.wav,4.5000
KAS_F_WIKI_00277.wav,4.6972
KAS_F_WIKI_00279.wav,4.7121
KAS_F_WIKI_00289.wav,4.7905
KAS_F_WIKI_00301.wav,4.7289
KAS_F_WIKI_00306.wav,4.6654
KAS_F_WIKI_00350.wav,4.7187
KAS_F_WIKI_00374.wav,4.8216
KAS_F_WIKI_00378.wav,4.4554
KAS_F_WIKI_00382.wav,4.3567
KAS_F_WIKI_00384.wav,4.3515
KAS_F_WIKI_00400.wav,4.5246
KAS_F_WIKI_00401.wav,4.5330
KAS_F_WIKI_00411.wav,4.6286
KAS_F_WIKI_00419.wav,4.7215
KAS_F_WIKI_00433.wav,4.4951
KAS_F_WIKI_00458.wav,4.3622
KAS_F_WIKI_00459.wav,4.4831
KAS_F_WIKI_00460.wav,4.7887
KAS_F_WIKI_00472.wav,4.7604
KAS_F_WIKI_00496.wav,4.2325
KAS_F_WIKI_00497.wav,4.4166
KAS_F_WIKI_00499.wav,4.0921
KAS_F_WIKI_00505.wav,4.5887
KAS_F_WIKI_00512.wav,4.4097
KAS_F_WIKI_00516.wav,4.8785
KAS_F_WIKI_00519.wav,4.7287
KAS_F_WIKI_00520.wav,5.0048
KAS_F_WIKI_00545.wav,4.5740
KAS_F_WIKI_00572.wav,4.5016
KAS_F_WIKI_00573.wav,4.6820
KAS_F_WIKI_00591.wav,4.9066
KAS_F_WIKI_00604.wav,4.6344
KAS_F_WIKI_00634.wav,4.4821
KAS_F_WIKI_00640.wav,4.4703
KAS_F_WIKI_00658.wav,4.6111
KAS_F_WIKI_00659.wav,4.6308
KAS_F_WIKI_00699.wav,4.3266
KAS_F_WIKI_00728.wav,4.8390
KAS_F_WIKI_00731.wav,4.4062
KAS_F_WIKI_00739.wav,4.6073
KAS_F_WIKI_00748.wav,4.9229
KAS_F_WIKI_00750.wav,4.5512
KAS_F_WIKI_00754.wav,4.8517
KAS_F_WIKI_00778.wav,4.6200
KAS_F_WIKI_00782.wav,4.6542
KAS_F_WIKI_00785.wav,4.7861
KAS_F_WIKI_00787.wav,5.0643
KAS_F_WIKI_00788.wav,5.0701
KAS_F_WIKI_00791.wav,4.4524
KAS_F_WIKI_00792.wav,4.5945
KAS_F_WIKI_00796.wav,4.7090
KAS_F_WIKI_00817.wav,4.6196
KAS_F_WIKI_00823.wav,5.0505
KAS_F_WIKI_00829.wav,4.6978
KAS_F_WIKI_00834.wav,5.0523
KAS_F_WIKI_00839.wav,4.9353
KAS_F_WIKI_00844.wav,4.8800
KAS_F_WIKI_00847.wav,4.8471
KAS_F_WIKI_00858.wav,4.6775
KAS_F_WIKI_00868.wav,4.7147
KAS_F_WIKI_00871.wav,4.9677
KAS_F_WIKI_00876.wav,5.0032
KAS_F_WIKI_00887.wav,4.5320
KAS_F_WIKI_00897.wav,4.6347
KAS_F_WIKI_00902.wav,4.9764
KAS_F_WIKI_00932.wav,4.9127
KAS_F_WIKI_00953.wav,4.8836
KAS_F_WIKI_00956.wav,4.6517
KAS_F_WIKI_00961.wav,5.2585
KAS_F_WIKI_00962.wav,5.1885
KAS_F_WIKI_00966.wav,5.1509
KAS_F_WIKI_00968.wav,4.7588
KAS_F_WIKI_00976.wav,4.8279
KAS_F_WIKI_00978.wav,4.9856
KAS_F_WIKI_00992.wav,4.7087
KAS_F_WIKI_01000.wav,5.2807
KAS_F_WIKI_01006.wav,4.7843
KAS_F_WIKI_01024.wav,5.1729
KAS_F_WIKI_01026.wav,5.0011
KAS_F_WIKI_01039.wav,5.1250
KAS_F_WIKI_01068.wav,4.8762
KAS_F_WIKI_01074.wav,4.8319
KAS_F_WIKI_01086.wav,4.7796
KAS_F_WIKI_01102.wav,5.1868
KAS_F_WIKI_01111.wav,4.9543
KAS_F_WIKI_01127.wav,4.7796
KAS_F_WIKI_01146.wav,5.5189
KAS_F_WIKI_01171.wav,4.7284
KAS_F_WIKI_01175.wav,4.6682
KAS_F_WIKI_01192.wav,5.0385
KAS_F_WIKI_01196.wav,5.0607
KAS_F_WIKI_01208.wav,4.8598
KAS_F_WIKI_01210.wav,4.8486
KAS_F_WIKI_01211.wav,4.9164
KAS_F_WIKI_01222.wav,4.9418
KAS_F_WIKI_01227.wav,4.8406
KAS_F_WIKI_01243.wav,5.1149
KAS_F_WIKI_01277.wav,5.0719
KAS_F_WIKI_01280.wav,5.0141
KAS_F_WIKI_01307.wav,5.0451
KAS_F_WIKI_01339.wav,4.8437
KAS_F_WIKI_01342.wav,4.8526
KAS_F_WIKI_01350.wav,4.6359
KAS_F_WIKI_01351.wav,4.8096
KAS_F_WIKI_01352.wav,5.0050
KAS_F_WIKI_01359.wav,5.0218
KAS_F_WIKI_01360.wav,5.0357
KAS_F_WIKI_01365.wav,4.6905
KAS_F_WIKI_01368.wav,5.3104
KAS_F_WIKI_01371.wav,4.8387
KAS_F_WIKI_01372.wav,5.0836
KAS_F_WIKI_01404.wav,5.0951
KAS_F_WIKI_01425.wav,5.0643
KAS_F_WIKI_01463.wav,5.2132
KAS_F_WIKI_01473.wav,4.6518
KAS_F_WIKI_01500.wav,5.1020
KAS_F_WIKI_01501.wav,4.8439
KAS_F_WIKI_01504.wav,4.8663
KAS_F_WIKI_01508.wav,4.4214
KAS_F_WIKI_01518.wav,5.1296
KAS_F_WIKI_01523.wav,5.1060
KAS_F_WIKI_01536.wav,5.2590
KAS_F_WIKI_01547.wav,5.2360
KAS_F_WIKI_01554.wav,5.2780
KAS_F_WIKI_01562.wav,5.3492
KAS_F_WIKI_01570.wav,5.3488
KAS_F_WIKI_01574.wav,5.0254
KAS_F_WIKI_01580.wav,5.0206
KAS_F_WIKI_01594.wav,5.2362
KAS_F_WIKI_01597.wav,5.1444
KAS_F_WIKI_01632.wav,4.8534
KAS_F_WIKI_01639.wav,5.5158
KAS_F_WIKI_01644.wav,5.1933
KAS_F_WIKI_01649.wav,5.2242
KAS_F_WIKI_01676.wav,5.1271
KAS_F_WIKI_01678.wav,5.2495
KAS_F_WIKI_01720.wav,5.0851
KAS_F_WIKI_01721.wav,5.1773
KAS_F_WIKI_01725.wav,5.0984
KAS_F_WIKI_01726.wav,4.9402
KAS_F_WIKI_01745.wav,5.0168
KAS_F_WIKI_01756.wav,5.0417
KAS_F_WIKI_01757.wav,4.9706
KAS_F_WIKI_01766.wav,5.3996
KAS_F_WIKI_01768.wav,4.9225
KAS_F_WIKI_01777.wav,5.3351
KAS_F_WIKI_01784.wav,5.0121
KAS_F_WIKI_01802.wav,5.2944
KAS_F_WIKI_01806.wav,4.7754
KAS_F_WIKI_01810.wav,5.1575
KAS_F_WIKI_01815.wav,5.0256
KAS_F_WIKI_01823.wav,5.4062
KAS_F_WIKI_01831.wav,4.8933
KAS_F_WIKI_01833.wav,5.2034
KAS_F_WIKI_01858.wav,5.3800
KAS_M_ALEXA_00016.wav,3.8193
KAS_M_ALEXA_00018.wav,3.4219
KAS_M_ALEXA_00049.wav,3.2951
KAS_M_ALEXA_00056.wav,3.1572
KAS_M_ALEXA_00057.wav,3.2163
KAS_M_ALEXA_00060.wav,2.9858
KAS_M_ALEXA_00096.wav,3.3447
KAS_M_ALEXA_00104.wav,3.1697
KAS_M_ALEXA_00119.wav,3.7256
KAS_M_ALEXA_00121.wav,3.1317
KAS_M_ALEXA_00122.wav,3.0805
KAS_M_ALEXA_00125.wav,3.3842
KAS_M_ALEXA_00131.wav,3.1171
KAS_M_ALEXA_00133.wav,3.2096
KAS_M_ALEXA_00143.wav,3.3416
KAS_M_ALEXA_00147.wav,3.2340
KAS_M_ALEXA_00151.wav,3.1799
KAS_M_ALEXA_00216.wav,3.2417
KAS_M_ALEXA_00217.wav,3.3867
KAS_M_ALEXA_00230.wav,3.4611
KAS_M_ALEXA_00245.wav,3.0595
KAS_M_ALEXA_00259.wav,3.5690
KAS_M_ALEXA_00267.wav,3.5756
KAS_M_ALEXA_00269.wav,3.3167
KAS_M_ALEXA_00272.wav,3.3831
KAS_M_ALEXA_00276.wav,3.2822
KAS_M_ALEXA_00278.wav,3.7330
KAS_M_ALEXA_00279.wav,3.1996
KAS_M_ANGER_00007.wav,3.1020
KAS_M_ANGER_00013.wav,3.5223
KAS_M_ANGER_00025.wav,2.9784
KAS_M_ANGER_00034.wav,2.9359
KAS_M_ANGER_00040.wav,3.1492
KAS_M_ANGER_00047.wav,3.0086
KAS_M_ANGER_00050.wav,3.0376
KAS_M_ANGER_00052.wav,2.9999
KAS_M_ANGER_00054.wav,2.9904
KAS_M_ANGER_00055.wav,2.7889
KAS_M_ANGER_00057.wav,2.9256
KAS_M_ANGER_00073.wav,2.8928
KAS_M_ANGER_00074.wav,2.9675
KAS_M_ANGER_00090.wav,3.0929
KAS_M_ANGER_00096.wav,2.9662
KAS_M_ANGER_00100.wav,2.9330
KAS_M_ANGER_00107.wav,3.0195
KAS_M_ANGER_00111.wav,2.9503
KAS_M_ANGER_00113.wav,2.8693
KAS_M_ANGER_00126.wav,2.8297
KAS_M_ANGER_00133.wav,2.9521
KAS_M_ANGER_00147.wav,2.9224
KAS_M_ANGER_00153.wav,2.9608
KAS_M_ANGER_00156.wav,2.6977
KAS_M_ANGER_00158.wav,3.0076
KAS_M_ANGER_00171.wav,2.9371
KAS_M_ANGER_00177.wav,3.2834
KAS_M_ANGER_00185.wav,2.8104
KAS_M_ANGER_00187.wav,3.0784
KAS_M_ANGER_00188.wav,2.9938
KAS_M_ANGER_00190.wav,3.0108
KAS_M_ANGER_00198.wav,2.8713
KAS_M_ANGER_00200.wav,2.8903
KAS_M_ANGER_00216.wav,3.1135
KAS_M_ANGER_00223.wav,2.8103
KAS_M_ANGER_00242.wav,2.8997
KAS_M_ANGER_00244.wav,2.9979
KAS_M_ANGER_00257.wav,2.9251
KAS_M_ANGER_00263.wav,2.8584
KAS_M_ANGER_00287.wav,3.0341
KAS_M_ANGER_00291.wav,2.8290
KAS_M_ANGER_00299.wav,2.6636
KAS_M_ANGER_00303.wav,3.1147
KAS_M_ANGER_00316.wav,3.0526
KAS_M_ANGER_00333.wav,2.9370
KAS_M_ANGER_00357.wav,2.8039
KAS_M_ANGER_00369.wav,3.1815
KAS_M_ANGER_00383.wav,2.9092
KAS_M_ANGER_00404.wav,3.3822
KAS_M_ANGER_00405.wav,3.1609
KAS_M_ANGER_00422.wav,3.1044
KAS_M_ANGER_00435.wav,3.1510
KAS_M_ANGER_00436.wav,3.1518
KAS_M_ANGER_00449.wav,3.2455
KAS_M_ANGER_00453.wav,2.9965
KAS_M_ANGER_00455.wav,3.0713
KAS_M_ANGER_00458.wav,3.0061
KAS_M_ANGER_00463.wav,3.3253
KAS_M_ANGER_00465.wav,3.1438
KAS_M_ANGER_00468.wav,2.8922
KAS_M_ANGER_00469.wav,2.9820
KAS_M_ANGER_00481.wav,3.0282
KAS_M_ANGER_00493.wav,3.1641
KAS_M_ANGER_00496.wav,2.9099
KAS_M_ANGER_00519.wav,3.0417
KAS_M_ANGER_00537.wav,3.0105
KAS_M_ANGER_00550.wav,2.9869
KAS_M_BB_00008.wav,3.0648
KAS_M_BB_00016.wav,3.4656
KAS_M_BB_00030.wav,3.2365
KAS_M_BB_00031.wav,3.0600
KAS_M_BB_00032.wav,3.2369
KAS_M_BB_00033.wav,2.9656
KAS_M_BB_00035.wav,3.1347
KAS_M_BB_00039.wav,3.4248
KAS_M_BB_00049.wav,3.3627
KAS_M_BB_00056.wav,3.1925
KAS_M_BB_00058.wav,3.2055
KAS_M_BB_00061.wav,3.2373
KAS_M_BOOK_00014.wav,2.8078
KAS_M_BOOK_00022.wav,2.8654
KAS_M_BOOK_00035.wav,2.8086
KAS_M_BOOK_00040.wav,2.9193
KAS_M_BOOK_00041.wav,2.9027
KAS_M_BOOK_00042.wav,2.9477
KAS_M_BOOK_00044.wav,2.9366
KAS_M_BOOK_00052.wav,2.7703
KAS_M_BOOK_00055.wav,2.8676
KAS_M_BOOK_00062.wav,3.3012
KAS_M_BOOK_00064.wav,3.0011
KAS_M_BOOK_00070.wav,2.9242
KAS_M_BOOK_00076.wav,3.0779
KAS_M_BOOK_00082.wav,2.7836
KAS_M_BOOK_00093.wav,3.0280
KAS_M_BOOK_00119.wav,3.0673
KAS_M_BOOK_00125.wav,3.0254
KAS_M_BOOK_00137.wav,3.0737
KAS_M_BOOK_00148.wav,2.8786
KAS_M_BOOK_00164.wav,3.2409
KAS_M_BOOK_00173.wav,3.1935
KAS_M_BOOK_00177.wav,3.2431
KAS_M_BOOK_00199.wav,3.5089
KAS_M_BOOK_00202.wav,3.0189
KAS_M_BOOK_00208.wav,2.8310
KAS_M_BOOK_00219.wav,2.6748
KAS_M_BOOK_00222.wav,3.0413
KAS_M_BOOK_00225.wav,2.9142
KAS_M_BOOK_00227.wav,2.9224
KAS_M_BOOK_00234.wav,3.1995
KAS_M_BOOK_00244.wav,2.9967
KAS_M_BOOK_00248.wav,2.9746
KAS_M_BOOK_00264.wav,2.6766
KAS_M_BOOK_00266.wav,3.1557
KAS_M_BOOK_00275.wav,2.8694
KAS_M_BOOK_00277.wav,2.8999
KAS_M_BOOK_00285.wav,3.2611
KAS_M_BOOK_00287.wav,2.9653
KAS_M_BOOK_00288.wav,3.0336
KAS_M_BOOK_00312.wav,2.9367
KAS_M_BOOK_00314.wav,2.8458
KAS_M_BOOK_00317.wav,3.0491
KAS_M_BOOK_00320.wav,3.1907
KAS_M_BOOK_00327.wav,2.8399
KAS_M_BOOK_00336.wav,3.1041
KAS_M_BOOK_00356.wav,2.8577
KAS_M_BOOK_00362.wav,3.0371
KAS_M_BOOK_00379.wav,3.2689
KAS_M_BOOK_00386.wav,2.9378
KAS_M_BOOK_00391.wav,2.8844
KAS_M_BOOK_00410.wav,2.7979
KAS_M_BOOK_00412.wav,3.0058
KAS_M_BOOK_00414.wav,3.1642
KAS_M_BOOK_00423.wav,2.9842
KAS_M_BOOK_00426.wav,3.2309
KAS_M_BOOK_00441.wav,3.2163
KAS_M_BOOK_00453.wav,3.2938
KAS_M_BOOK_00456.wav,3.0621
KAS_M_BOOK_00479.wav,2.8640
KAS_M_BOOK_00482.wav,3.0153
KAS_M_BOOK_00483.wav,2.8630
KAS_M_BOOK_00484.wav,2.8459
KAS_M_BOOK_00493.wav,2.8544
KAS_M_BOOK_00543.wav,2.7390
KAS_M_BOOK_00545.wav,3.0543
KAS_M_BOOK_00554.wav,3.0047
KAS_M_BOOK_00556.wav,2.8556
KAS_M_BOOK_00559.wav,3.0287
KAS_M_BOOK_00571.wav,2.9811
KAS_M_BOOK_00578.wav,2.8599
KAS_M_BOOK_00579.wav,2.8142
KAS_M_BOOK_00582.wav,2.8887
KAS_M_BOOK_00585.wav,2.9010
KAS_M_BOOK_00586.wav,3.1173
KAS_M_BOOK_00593.wav,3.1804
KAS_M_BOOK_00599.wav,2.8776
KAS_M_BOOK_00600.wav,2.8128
KAS_M_BOOK_00602.wav,3.1482
KAS_M_BOOK_00607.wav,3.1458
KAS_M_BOOK_00632.wav,2.9467
KAS_M_BOOK_00635.wav,2.9644
KAS_M_BOOK_00651.wav,2.8863
KAS_M_BOOK_00662.wav,2.8641
KAS_M_BOOK_00673.wav,3.0066
KAS_M_BOOK_00702.wav,2.9750
KAS_M_BOOK_00703.wav,3.0285
KAS_M_BOOK_00736.wav,3.6334
KAS_M_BOOK_00743.wav,2.9143
KAS_M_BOOK_00749.wav,3.0144
KAS_M_BOOK_00753.wav,2.9535
KAS_M_BOOK_00772.wav,2.9573
KAS_M_BOOK_00775.wav,3.2619
KAS_M_BOOK_00784.wav,2.9071
KAS_M_BOOK_00822.wav,3.1240
KAS_M_BOOK_00832.wav,2.8088
KAS_M_BOOK_00833.wav,2.8833
KAS_M_BOOK_00850.wav,2.9362
KAS_M_BOOK_00855.wav,2.8761
KAS_M_BOOK_00881.wav,2.9190
KAS_M_BOOK_00893.wav,3.1335
KAS_M_BOOK_00899.wav,2.6715
KAS_M_BOOK_00909.wav,3.0595
KAS_M_BOOK_00910.wav,2.9268
KAS_M_BOOK_00914.wav,3.0099
KAS_M_BOOK_00924.wav,2.9581
KAS_M_BOOK_00925.wav,3.0310
KAS_M_BOOK_00948.wav,2.9375
KAS_M_BOOK_00951.wav,2.9534
KAS_M_BOOK_00953.wav,2.8852
KAS_M_BOOK_00955.wav,2.8754
KAS_M_BOOK_00969.wav,2.9289
KAS_M_BOOK_00977.wav,2.9352
KAS_M_BOOK_00991.wav,3.0758
KAS_M_BOOK_00993.wav,3.1989
KAS_M_BOOK_01021.wav,3.1486
KAS_M_BOOK_01060.wav,2.8523
KAS_M_BOOK_01068.wav,2.9606
KAS_M_BOOK_01083.wav,3.1133
KAS_M_BOOK_01085.wav,2.9306
KAS_M_BOOK_01088.wav,3.1239
KAS_M_BOOK_01102.wav,2.7650
KAS_M_BOOK_01104.wav,2.8980
KAS_M_BOOK_01105.wav,2.8662
KAS_M_BOOK_01110.wav,2.9568
KAS_M_BOOK_01112.wav,3.0884
KAS_M_BOOK_01138.wav,2.7821
KAS_M_BOOK_01154.wav,2.8186
KAS_M_BOOK_01172.wav,2.6926
KAS_M_BOOK_01188.wav,2.8761
KAS_M_BOOK_01203.wav,2.9784
KAS_M_BOOK_01205.wav,2.9455
KAS_M_BOOK_01206.wav,2.9043
KAS_M_BOOK_01223.wav,2.8686
KAS_M_BOOK_01263.wav,2.8140
KAS_M_BOOK_01279.wav,2.9804
KAS_M_BOOK_01304.wav,3.0695
KAS_M_BOOK_01312.wav,3.1398
KAS_M_CONV_00013.wav,3.2876
KAS_M_CONV_00015.wav,3.2016
KAS_M_CONV_00017.wav,3.0477
KAS_M_CONV_00028.wav,3.2443
KAS_M_CONV_00084.wav,3.0248
KAS_M_CONV_00088.wav,3.1496
KAS_M_CONV_00108.wav,2.9649
KAS_M_CONV_00115.wav,3.2263
KAS_M_CONV_00131.wav,2.9610
KAS_M_CONV_00135.wav,3.2154
KAS_M_CONV_00144.wav,3.3819
KAS_M_CONV_00145.wav,3.7471
KAS_M_CONV_00159.wav,3.0195
KAS_M_CONV_00167.wav,3.1058
KAS_M_CONV_00174.wav,3.1774
KAS_M_CONV_00179.wav,3.1911
KAS_M_CONV_00193.wav,3.7044
KAS_M_CONV_00198.wav,3.3751
KAS_M_CONV_00208.wav,3.2106
KAS_M_CONV_00217.wav,3.0020
KAS_M_CONV_00220.wav,3.4089
KAS_M_CONV_00229.wav,3.0988
KAS_M_CONV_00234.wav,3.2320
KAS_M_CONV_00241.wav,3.6567
KAS_M_CONV_00242.wav,3.2815
KAS_M_CONV_00259.wav,3.3322
KAS_M_CONV_00264.wav,3.6003
KAS_M_CONV_00266.wav,3.4998
KAS_M_CONV_00281.wav,3.8648
KAS_M_CONV_00286.wav,3.2769
KAS_M_CONV_00296.wav,3.1844
KAS_M_CONV_00299.wav,3.2870
KAS_M_CONV_00301.wav,3.4185
KAS_M_CONV_00306.wav,3.3725
KAS_M_CONV_00318.wav,3.0991
KAS_M_CONV_00327.wav,3.4624
KAS_M_CONV_00340.wav,3.1541
KAS_M_CONV_00344.wav,3.0206
KAS_M_CONV_00350.wav,3.3520
KAS_M_CONV_00352.wav,3.5882
KAS_M_CONV_00353.wav,3.6594
KAS_M_CONV_00355.wav,3.3906
KAS_M_CONV_00367.wav,3.0508
KAS_M_CONV_00387.wav,3.1407
KAS_M_CONV_00393.wav,3.2353
KAS_M_CONV_00396.wav,3.4811
KAS_M_CONV_00408.wav,3.3929
KAS_M_CONV_00412.wav,3.0496
KAS_M_CONV_00417.wav,3.6701
KAS_M_CONV_00422.wav,3.3715
KAS_M_CONV_00423.wav,3.1511
KAS_M_CONV_00424.wav,3.2105
KAS_M_CONV_00435.wav,3.4465
KAS_M_CONV_00438.wav,3.3052
KAS_M_CONV_00444.wav,3.0334
KAS_M_CONV_00445.wav,3.1924
KAS_M_CONV_00453.wav,3.2369
KAS_M_CONV_00458.wav,3.2950
KAS_M_CONV_00463.wav,3.1435
KAS_M_CONV_00491.wav,3.4196
KAS_M_CONV_00495.wav,4.5755
KAS_M_CONV_00501.wav,2.9069
KAS_M_CONV_00504.wav,3.4171
KAS_M_CONV_00505.wav,3.4169
KAS_M_CONV_00508.wav,3.1071
KAS_M_CONV_00539.wav,3.6125
KAS_M_CONV_00543.wav,3.4791
KAS_M_CONV_00544.wav,3.0826
KAS_M_CONV_00559.wav,3.4330
KAS_M_CONV_00582.wav,3.2039
KAS_M_CONV_00600.wav,2.9141
KAS_M_CONV_00602.wav,3.1404
KAS_M_CONV_00614.wav,3.3337
KAS_M_CONV_00618.wav,3.2732
KAS_M_CONV_00620.wav,3.0744
KAS_M_CONV_00635.wav,2.9351
KAS_M_CONV_00640.wav,2.9638
KAS_M_CONV_00644.wav,3.1145
KAS_M_CONV_00652.wav,3.3675
KAS_M_CONV_00653.wav,3.5243
KAS_M_CONV_00654.wav,3.2456
KAS_M_CONV_00658.wav,3.8940
KAS_M_CONV_00673.wav,3.6249
KAS_M_CONV_00712.wav,3.2246
KAS_M_CONV_00715.wav,2.9006
KAS_M_CONV_00720.wav,3.7011
KAS_M_CONV_00747.wav,3.4390
KAS_M_CONV_00753.wav,3.1227
KAS_M_CONV_00760.wav,3.0810
KAS_M_CONV_00772.wav,3.5781
KAS_M_CONV_00774.wav,3.2409
KAS_M_CONV_00782.wav,3.0632
KAS_M_CONV_00798.wav,2.9816
KAS_M_CONV_00810.wav,3.1263
KAS_M_CONV_00818.wav,3.0388
KAS_M_CONV_00827.wav,3.3334
KAS_M_CONV_00855.wav,3.4418
KAS_M_CONV_00868.wav,3.2540
KAS_M_CONV_00883.wav,3.4733
KAS_M_CONV_00886.wav,3.4272
KAS_M_CONV_00902.wav,3.2729
KAS_M_CONV_00904.wav,3.2258
KAS_M_CONV_00905.wav,3.0798
KAS_M_CONV_00941.wav,3.1040
KAS_M_CONV_00954.wav,3.2880
KAS_M_CONV_00958.wav,3.1658
KAS_M_CONV_00959.wav,3.3297
KAS_M_CONV_00984.wav,2.9705
KAS_M_CONV_00995.wav,3.3516
KAS_M_CONV_01001.wav,3.1985
KAS_M_CONV_01021.wav,2.9656
KAS_M_CONV_01031.wav,3.2312
KAS_M_CONV_01035.wav,3.0032
KAS_M_CONV_01044.wav,3.3096
KAS_M_CONV_01052.wav,3.1465
KAS_M_CONV_01073.wav,3.8902
KAS_M_CONV_01095.wav,3.3026
KAS_M_CONV_01101.wav,3.1365
KAS_M_CONV_01106.wav,3.0967
KAS_M_CONV_01145.wav,2.8383
KAS_M_CONV_01160.wav,3.2281
KAS_M_CONV_01168.wav,2.9578
KAS_M_CONV_01171.wav,3.3413
KAS_M_CONV_01183.wav,3.5875
KAS_M_CONV_01191.wav,3.4660
KAS_M_CONV_01194.wav,3.2443
KAS_M_CONV_01198.wav,3.6403
KAS_M_CONV_01200.wav,3.0924
KAS_M_CONV_01206.wav,3.2768
KAS_M_CONV_01207.wav,3.1346
KAS_M_CONV_01216.wav,3.4809
KAS_M_CONV_01224.wav,3.1900
KAS_M_CONV_01241.wav,3.2793
KAS_M_CONV_01244.wav,3.1386
KAS_M_CONV_01247.wav,3.4753
KAS_M_CONV_01269.wav,3.1800
KAS_M_CONV_01272.wav,3.5750
KAS_M_CONV_01282.wav,2.9183
KAS_M_CONV_01294.wav,3.4396
KAS_M_CONV_01295.wav,2.9282
KAS_M_CONV_01296.wav,3.6600
KAS_M_CONV_01305.wav,3.6056
KAS_M_CONV_01321.wav,3.1417
KAS_M_CONV_01328.wav,3.0560
KAS_M_CONV_01330.wav,2.9196
KAS_M_CONV_01331.wav,3.2837
KAS_M_CONV_01336.wav,2.9002
KAS_M_CONV_01343.wav,3.0003
KAS_M_CONV_01345.wav,3.1069
KAS_M_CONV_01351.wav,3.0223
KAS_M_CONV_01356.wav,3.3802
KAS_M_CONV_01363.wav,3.5130
KAS_M_CONV_01375.wav,3.4810
KAS_M_CONV_01380.wav,2.9430
KAS_M_CONV_01387.wav,3.4324
KAS_M_CONV_01415.wav,3.1652
KAS_M_CONV_01425.wav,3.3232
KAS_M_CONV_01429.wav,3.1770
KAS_M_CONV_01437.wav,3.4036
KAS_M_CONV_01478.wav,3.1355
KAS_M_CONV_01486.wav,3.2154
KAS_M_CONV_01493.wav,3.0993
KAS_M_CONV_01500.wav,3.0377
KAS_M_CONV_01521.wav,3.2550
KAS_M_CONV_01528.wav,3.1790
KAS_M_CONV_01546.wav,3.7494
KAS_M_CONV_01559.wav,2.9951
KAS_M_CONV_01577.wav,3.2344
KAS_M_CONV_01579.wav,3.0422
KAS_M_CONV_01587.wav,3.8274
KAS_M_CONV_01590.wav,3.5289
KAS_M_CONV_01605.wav,3.1711
KAS_M_CONV_01639.wav,3.1760
KAS_M_CONV_01644.wav,3.4876
KAS_M_CONV_01651.wav,2.9512
KAS_M_CONV_01652.wav,3.1366
KAS_M_CONV_01664.wav,3.7865
KAS_M_CONV_01684.wav,3.3819
KAS_M_CONV_01687.wav,3.4863
KAS_M_CONV_01693.wav,3.0735
KAS_M_CONV_01707.wav,3.1536
KAS_M_CONV_01720.wav,2.9400
KAS_M_CONV_01721.wav,3.5479
KAS_M_CONV_01740.wav,2.9177
KAS_M_CONV_01745.wav,2.9127
KAS_M_CONV_01751.wav,3.3206
KAS_M_CONV_01755.wav,3.7724
KAS_M_CONV_01758.wav,3.4684
KAS_M_CONV_01779.wav,3.1926
KAS_M_CONV_01795.wav,3.5886
KAS_M_CONV_01811.wav,2.9057
KAS_M_CONV_01822.wav,2.9771
KAS_M_CONV_01829.wav,2.8618
KAS_M_CONV_01835.wav,3.1579
KAS_M_CONV_01837.wav,3.0015
KAS_M_CONV_01844.wav,3.0825
KAS_M_CONV_01853.wav,3.0503
KAS_M_CONV_01859.wav,3.1512
KAS_M_CONV_01861.wav,3.0356
KAS_M_CONV_01878.wav,3.2781
KAS_M_CONV_01914.wav,3.2113
KAS_M_CONV_01932.wav,3.1822
KAS_M_CONV_01946.wav,3.3041
KAS_M_CONV_01947.wav,3.0480
KAS_M_CONV_01949.wav,2.9111
KAS_M_CONV_01960.wav,3.1191
KAS_M_CONV_01961.wav,3.2745
KAS_M_CONV_01968.wav,2.9948
KAS_M_CONV_01969.wav,3.6410
KAS_M_CONV_01991.wav,3.1827
KAS_M_CONV_01994.wav,3.2756
KAS_M_CONV_01998.wav,3.1379
KAS_M_CONV_02002.wav,2.7998
KAS_M_CONV_02003.wav,3.0385
KAS_M_CONV_02023.wav,2.9484
KAS_M_CONV_02026.wav,3.3194
KAS_M_CONV_02032.wav,3.2241
KAS_M_CONV_02079.wav,3.1069
KAS_M_CONV_02081.wav,2.9610
KAS_M_CONV_02083.wav,2.9353
KAS_M_CONV_02094.wav,3.0109
KAS_M_CONV_02099.wav,2.7986
KAS_M_CONV_02100.wav,3.2231
KAS_M_CONV_02109.wav,3.1582
KAS_M_CONV_02114.wav,3.0376
KAS_M_CONV_02126.wav,2.8532
KAS_M_CONV_02127.wav,2.9989
KAS_M_CONV_02130.wav,2.7963
KAS_M_CONV_02148.wav,3.1455
KAS_M_CONV_02156.wav,3.2757
KAS_M_CONV_02166.wav,3.2803
KAS_M_CONV_02168.wav,3.3443
KAS_M_CONV_02169.wav,3.1181
KAS_M_CONV_02184.wav,3.4425
KAS_M_CONV_02198.wav,3.1152
KAS_M_CONV_02218.wav,3.2709
KAS_M_CONV_02229.wav,3.3193
KAS_M_CONV_02248.wav,3.3355
KAS_M_CONV_02253.wav,3.1359
KAS_M_CONV_02261.wav,2.9854
KAS_M_CONV_02268.wav,3.0822
KAS_M_CONV_02278.wav,3.3061
KAS_M_CONV_02302.wav,3.2154
KAS_M_CONV_02314.wav,2.7413
KAS_M_CONV_02323.wav,3.3033
KAS_M_CONV_02359.wav,3.2551
KAS_M_CONV_02381.wav,2.8347
KAS_M_CONV_02403.wav,2.7752
KAS_M_CONV_02410.wav,2.7652
KAS_M_CONV_02423.wav,3.2351
KAS_M_CONV_02438.wav,3.3392
KAS_M_CONV_02441.wav,2.9856
KAS_M_CONV_02451.wav,2.9624
KAS_M_CONV_02455.wav,3.0133
KAS_M_CONV_02461.wav,3.6063
KAS_M_CONV_02466.wav,3.0915
KAS_M_CONV_02471.wav,3.5221
KAS_M_CONV_02473.wav,3.0782
KAS_M_CONV_02479.wav,3.2012
KAS_M_CONV_02508.wav,3.2096
KAS_M_CONV_02515.wav,3.0784
KAS_M_CONV_02537.wav,3.1718
KAS_M_CONV_02558.wav,3.0806
KAS_M_CONV_02559.wav,3.0919
KAS_M_CONV_02563.wav,3.1099
KAS_M_CONV_02589.wav,3.2414
KAS_M_CONV_02601.wav,3.2493
KAS_M_CONV_02604.wav,3.3177
KAS_M_CONV_02625.wav,3.2074
KAS_M_CONV_02649.wav,3.2794
KAS_M_CONV_02692.wav,3.2125
KAS_M_CONV_02694.wav,2.9920
KAS_M_CONV_02700.wav,3.1204
KAS_M_CONV_02701.wav,3.2698
KAS_M_CONV_02714.wav,3.2210
KAS_M_CONV_02728.wav,3.2033
KAS_M_CONV_02730.wav,3.1223
KAS_M_CONV_02733.wav,3.1379
KAS_M_CONV_02744.wav,2.9993
KAS_M_CONV_02764.wav,3.1692
KAS_M_CONV_02776.wav,3.0242
KAS_M_CONV_02835.wav,3.0606
KAS_M_CONV_02856.wav,2.8154
KAS_M_CONV_02863.wav,3.0053
KAS_M_CONV_02875.wav,2.9194
KAS_M_CONV_02885.wav,2.9489
KAS_M_CONV_02888.wav,3.1672
KAS_M_CONV_02897.wav,2.7209
KAS_M_CONV_02899.wav,3.0071
KAS_M_CONV_02900.wav,2.7048
KAS_M_CONV_02901.wav,3.0177
KAS_M_CONV_02904.wav,3.1213
KAS_M_CONV_02908.wav,2.9212
KAS_M_CONV_02912.wav,2.9870
KAS_M_CONV_02914.wav,2.7657
KAS_M_CONV_02920.wav,3.0795
KAS_M_CONV_02927.wav,2.9379
KAS_M_CONV_02945.wav,2.6438
KAS_M_CONV_02953.wav,3.1288
KAS_M_CONV_02974.wav,3.1933
KAS_M_CONV_02980.wav,3.0549
KAS_M_CONV_02989.wav,2.8972
KAS_M_CONV_03005.wav,2.8945
KAS_M_CONV_03006.wav,2.9600
KAS_M_CONV_03007.wav,2.8037
KAS_M_CONV_03015.wav,3.1611
KAS_M_CONV_03016.wav,3.0387
KAS_M_CONV_03022.wav,3.0612
KAS_M_CONV_03050.wav,3.2710
KAS_M_CONV_03074.wav,3.0707
KAS_M_CONV_03091.wav,2.9214
KAS_M_CONV_03104.wav,3.1171
KAS_M_CONV_03106.wav,2.7410
KAS_M_CONV_03112.wav,3.0940
KAS_M_CONV_03129.wav,2.8622
KAS_M_CONV_03141.wav,3.0382
KAS_M_CONV_03156.wav,3.2783
KAS_M_CONV_03160.wav,3.1057
KAS_M_CONV_03163.wav,3.0262
KAS_M_CONV_03166.wav,2.9806
KAS_M_CONV_03178.wav,3.3975
KAS_M_CONV_03182.wav,2.7029
KAS_M_CONV_03183.wav,2.9154
KAS_M_DIGI_00002.wav,3.0698
KAS_M_DIGI_00005.wav,3.0275
KAS_M_DIGI_00010.wav,3.0171
KAS_M_DIGI_00011.wav,2.8680
KAS_M_DIGI_00054.wav,2.9864
KAS_M_DIGI_00055.wav,2.8708
KAS_M_DIGI_00061.wav,2.9780
KAS_M_DIGI_00064.wav,2.8349
KAS_M_DIGI_00073.wav,3.0483
KAS_M_DIGI_00105.wav,3.0153
KAS_M_DIGI_00129.wav,3.3045
KAS_M_DIGI_00137.wav,3.1577
KAS_M_DIGI_00145.wav,2.9312
KAS_M_DISGUST_00008.wav,3.0698
KAS_M_DISGUST_00027.wav,3.2939
KAS_M_DISGUST_00043.wav,3.4138
KAS_M_DISGUST_00049.wav,3.2860
KAS_M_DISGUST_00052.wav,3.0986
KAS_M_DISGUST_00054.wav,3.4207
KAS_M_DISGUST_00068.wav,2.9566
KAS_M_DISGUST_00090.wav,2.9491
KAS_M_DISGUST_00093.wav,2.9982
KAS_M_DISGUST_00110.wav,3.3830
KAS_M_DISGUST_00114.wav,3.1989
KAS_M_DISGUST_00127.wav,3.1066
KAS_M_DISGUST_00154.wav,3.2305
KAS_M_DISGUST_00155.wav,3.1445
KAS_M_DISGUST_00161.wav,2.9576
KAS_M_DISGUST_00165.wav,3.0394
KAS_M_DISGUST_00173.wav,3.0044
KAS_M_DISGUST_00181.wav,3.1266
KAS_M_DISGUST_00183.wav,3.0347
KAS_M_DISGUST_00196.wav,3.2536
KAS_M_DISGUST_00197.wav,3.0866
KAS_M_DISGUST_00202.wav,3.5240
KAS_M_DISGUST_00210.wav,3.0462
KAS_M_DISGUST_00226.wav,3.2513
KAS_M_DISGUST_00243.wav,3.3599
KAS_M_DISGUST_00249.wav,2.9734
KAS_M_DISGUST_00256.wav,3.0483
KAS_M_DISGUST_00258.wav,3.2003
KAS_M_DISGUST_00261.wav,3.6389
KAS_M_DISGUST_00263.wav,3.2237
KAS_M_DISGUST_00270.wav,2.9113
KAS_M_DISGUST_00283.wav,2.9054
KAS_M_DISGUST_00290.wav,3.3698
KAS_M_DISGUST_00333.wav,3.2569
KAS_M_DISGUST_00336.wav,3.0196
KAS_M_DISGUST_00341.wav,3.1179
KAS_M_DISGUST_00344.wav,2.7801
KAS_M_DISGUST_00352.wav,3.1630
KAS_M_DISGUST_00354.wav,3.0602
KAS_M_DISGUST_00374.wav,3.0671
KAS_M_DISGUST_00379.wav,3.2419
KAS_M_DISGUST_00384.wav,2.7397
KAS_M_DISGUST_00391.wav,3.1095
KAS_M_DISGUST_00413.wav,2.9353
KAS_M_DISGUST_00424.wav,2.8961
KAS_M_DISGUST_00446.wav,2.8270
KAS_M_DISGUST_00465.wav,3.3172
KAS_M_FEAR_00023.wav,2.8377
KAS_M_FEAR_00034.wav,2.8234
KAS_M_FEAR_00040.wav,2.7537
KAS_M_FEAR_00075.wav,2.9581
KAS_M_FEAR_00077.wav,2.9526
KAS_M_FEAR_00078.wav,2.8903
KAS_M_FEAR_00091.wav,2.8400
KAS_M_FEAR_00094.wav,2.9520
KAS_M_FEAR_00116.wav,2.9805
KAS_M_FEAR_00119.wav,2.8961
KAS_M_FEAR_00123.wav,2.8211
KAS_M_FEAR_00127.wav,2.8602
KAS_M_FEAR_00139.wav,3.1134
KAS_M_FEAR_00163.wav,3.0894
KAS_M_FEAR_00203.wav,2.8708
KAS_M_FEAR_00205.wav,2.9252
KAS_M_FEAR_00208.wav,3.0736
KAS_M_FEAR_00213.wav,2.8059
KAS_M_FEAR_00222.wav,2.9382
KAS_M_FEAR_00235.wav,2.9669
KAS_M_FEAR_00247.wav,2.8342
KAS_M_FEAR_00248.wav,3.1232
KAS_M_FEAR_00252.wav,3.1717
KAS_M_FEAR_00258.wav,3.1955
KAS_M_FEAR_00264.wav,2.9126
KAS_M_FEAR_00298.wav,2.9756
KAS_M_FEAR_00302.wav,2.9006
KAS_M_FEAR_00304.wav,2.9308
KAS_M_FEAR_00330.wav,2.7947
KAS_M_FEAR_00364.wav,2.8964
KAS_M_FEAR_00375.wav,3.1208
KAS_M_FEAR_00401.wav,2.8628
KAS_M_FEAR_00405.wav,2.9197
KAS_M_FEAR_00407.wav,2.9284
KAS_M_FEAR_00408.wav,3.0406
KAS_M_FEAR_00427.wav,2.9824
KAS_M_FEAR_00446.wav,2.8730
KAS_M_FEAR_00453.wav,2.9657
KAS_M_FEAR_00456.wav,2.8556
KAS_M_FEAR_00463.wav,3.2066
KAS_M_FEAR_00468.wav,3.3076
KAS_M_FEAR_00473.wav,3.2891
KAS_M_FEAR_00484.wav,3.1770
KAS_M_FEAR_00498.wav,3.0357
KAS_M_FEAR_00500.wav,2.8677
KAS_M_FEAR_00514.wav,2.9807
KAS_M_FEAR_00532.wav,3.2162
KAS_M_FEAR_00556.wav,3.0557
KAS_M_FEAR_00566.wav,3.0266
KAS_M_FEAR_00570.wav,3.0052
KAS_M_FEAR_00598.wav,3.0588
KAS_M_FEAR_00604.wav,3.2085
KAS_M_FEAR_00613.wav,2.8795
KAS_M_FEAR_00620.wav,2.8311
KAS_M_FEAR_00625.wav,2.9240
KAS_M_FEAR_00630.wav,2.9842
KAS_M_HAPPY_00012.wav,3.2946
KAS_M_HAPPY_00015.wav,3.1271
KAS_M_HAPPY_00039.wav,3.5343
KAS_M_HAPPY_00053.wav,2.8528
KAS_M_HAPPY_00119.wav,3.1092
KAS_M_HAPPY_00123.wav,3.1635
KAS_M_HAPPY_00130.wav,2.9466
KAS_M_HAPPY_00132.wav,3.0255
KAS_M_HAPPY_00138.wav,2.9984
KAS_M_HAPPY_00151.wav,2.9961
KAS_M_HAPPY_00168.wav,2.9666
KAS_M_HAPPY_00175.wav,3.1544
KAS_M_HAPPY_00208.wav,3.0845
KAS_M_HAPPY_00241.wav,2.9017
KAS_M_HAPPY_00243.wav,2.9822
KAS_M_HAPPY_00254.wav,3.1386
KAS_M_HAPPY_00261.wav,2.8420
KAS_M_HAPPY_00298.wav,3.5159
KAS_M_HAPPY_00301.wav,3.1298
KAS_M_HAPPY_00307.wav,3.1660
KAS_M_HAPPY_00311.wav,3.1441
KAS_M_HAPPY_00323.wav,3.2396
KAS_M_HAPPY_00330.wav,3.3561
KAS_M_HAPPY_00346.wav,3.0636
KAS_M_HAPPY_00361.wav,3.1331
KAS_M_HAPPY_00365.wav,2.9579
KAS_M_HAPPY_00371.wav,3.0235
KAS_M_HAPPY_00382.wav,2.9611
KAS_M_HAPPY_00395.wav,2.9375
KAS_M_HAPPY_00398.wav,3.2494
KAS_M_HAPPY_00406.wav,3.0949
KAS_M_HAPPY_00407.wav,3.2409
KAS_M_HAPPY_00414.wav,2.9769
KAS_M_HAPPY_00416.wav,3.2104
KAS_M_HAPPY_00421.wav,2.9130
KAS_M_HAPPY_00427.wav,2.9549
KAS_M_HAPPY_00443.wav,2.9842
KAS_M_HAPPY_00447.wav,3.2579
KAS_M_HAPPY_00467.wav,2.9753
KAS_M_HAPPY_00469.wav,2.9523
KAS_M_HAPPY_00473.wav,3.0774
KAS_M_HAPPY_00488.wav,3.0698
KAS_M_HAPPY_00496.wav,3.0780
KAS_M_HAPPY_00503.wav,3.0864
KAS_M_HAPPY_00510.wav,2.9426
KAS_M_NAMES_00005.wav,3.4738
KAS_M_NAMES_00006.wav,3.6350
KAS_M_NAMES_00013.wav,3.5478
KAS_M_NAMES_00021.wav,3.5189
KAS_M_NAMES_00022.wav,3.3489
KAS_M_NAMES_00025.wav,2.7293
KAS_M_NAMES_00041.wav,3.9781
KAS_M_NAMES_00053.wav,3.4855
KAS_M_NAMES_00054.wav,3.9775
KAS_M_NAMES_00057.wav,3.4476
KAS_M_NAMES_00066.wav,3.1000
KAS_M_NAMES_00082.wav,3.1947
KAS_M_NAMES_00088.wav,2.9805
KAS_M_NAMES_00089.wav,3.1955
KAS_M_NAMES_00112.wav,3.7265
KAS_M_NAMES_00139.wav,3.2268
KAS_M_NAMES_00146.wav,3.1238
KAS_M_NAMES_00154.wav,3.5457
KAS_M_NAMES_00156.wav,3.4044
KAS_M_NAMES_00160.wav,2.9260
KAS_M_NAMES_00171.wav,3.0283
KAS_M_NAMES_00186.wav,3.1131
KAS_M_NAMES_00188.wav,2.9160
KAS_M_NAMES_00200.wav,3.0560
KAS_M_NAMES_00212.wav,3.2215
KAS_M_NAMES_00214.wav,3.1180
KAS_M_NAMES_00215.wav,3.4172
KAS_M_NAMES_00223.wav,2.9651
KAS_M_NAMES_00231.wav,2.5935
KAS_M_NAMES_00239.wav,2.9072
KAS_M_NAMES_00248.wav,3.2092
KAS_M_NAMES_00264.wav,2.6274
KAS_M_NAMES_00266.wav,2.8802
KAS_M_NAMES_00286.wav,3.1975
KAS_M_NAMES_00297.wav,3.1641
KAS_M_NAMES_00305.wav,3.3089
KAS_M_NAMES_00315.wav,3.4789
KAS_M_NAMES_00319.wav,3.4728
KAS_M_NAMES_00324.wav,3.2866
KAS_M_NAMES_00329.wav,3.0510
KAS_M_NAMES_00334.wav,3.4415
KAS_M_NAMES_00345.wav,3.1045
KAS_M_NAMES_00353.wav,3.5168
KAS_M_NAMES_00354.wav,3.2642
KAS_M_NAMES_00378.wav,3.3688
KAS_M_NAMES_00390.wav,3.1958
KAS_M_NAMES_00396.wav,2.8845
KAS_M_NAMES_00436.wav,3.1543
KAS_M_NAMES_00447.wav,3.3683
KAS_M_NAMES_00460.wav,3.2395
KAS_M_NAMES_00465.wav,3.4878
KAS_M_NAMES_00478.wav,3.2372
KAS_M_NAMES_00479.wav,3.4447
KAS_M_NAMES_00489.wav,3.5474
KAS_M_NAMES_00500.wav,2.8706
KAS_M_NAMES_00507.wav,3.2069
KAS_M_NAMES_00518.wav,3.2299
KAS_M_NAMES_00519.wav,3.1757
KAS_M_NAMES_00529.wav,2.8818
KAS_M_NAMES_00539.wav,3.1684
KAS_M_NAMES_00550.wav,3.1830
KAS_M_NAMES_00553.wav,3.1687
KAS_M_NAMES_00574.wav,3.2016
KAS_M_NAMES_00581.wav,3.2271
KAS_M_NAMES_00588.wav,2.8583
KAS_M_NAMES_00595.wav,3.0498
KAS_M_NAMES_00610.wav,3.0010
KAS_M_NAMES_00614.wav,3.2816
KAS_M_NAMES_00624.wav,2.8314
KAS_M_NAMES_00637.wav,3.0055
KAS_M_NAMES_00646.wav,3.2787
KAS_M_NAMES_00649.wav,3.1066
KAS_M_NAMES_00655.wav,2.8727
KAS_M_NAMES_00662.wav,3.3802
KAS_M_NAMES_00665.wav,2.9014
KAS_M_NAMES_00668.wav,3.1890
KAS_M_NAMES_00669.wav,3.1249
KAS_M_NAMES_00672.wav,3.0113
KAS_M_NAMES_00695.wav,3.2517
KAS_M_NAMES_00697.wav,3.1489
KAS_M_NAMES_00706.wav,2.9763
KAS_M_NAMES_00709.wav,3.0780
KAS_M_NAMES_00716.wav,2.9048
KAS_M_NAMES_00718.wav,2.9581
KAS_M_NAMES_00721.wav,3.2468
KAS_M_NAMES_00733.wav,3.6821
KAS_M_NAMES_00739.wav,2.7148
KAS_M_NAMES_00748.wav,3.0238
KAS_M_NAMES_00763.wav,3.0086
KAS_M_NAMES_00766.wav,3.0210
KAS_M_NAMES_00775.wav,3.1551
KAS_M_NAMES_00779.wav,3.2545
KAS_M_NAMES_00782.wav,2.8793
KAS_M_NAMES_00794.wav,3.0671
KAS_M_NAMES_00806.wav,3.7367
KAS_M_NAMES_00830.wav,3.6855
KAS_M_NAMES_00837.wav,3.2487
KAS_M_NAMES_00839.wav,2.9955
KAS_M_NAMES_00843.wav,3.4306
KAS_M_NAMES_00858.wav,3.1435
KAS_M_NAMES_00865.wav,3.0297
KAS_M_NAMES_00873.wav,3.2004
KAS_M_NAMES_00880.wav,2.9721
KAS_M_NAMES_00887.wav,3.4516
KAS_M_NAMES_00905.wav,3.5718
KAS_M_NAMES_00912.wav,3.1077
KAS_M_NAMES_00927.wav,3.6699
KAS_M_NAMES_00934.wav,3.2727
KAS_M_NAMES_00950.wav,3.3253
KAS_M_NAMES_00956.wav,3.0594
KAS_M_NAMES_00957.wav,3.3283
KAS_M_NAMES_00972.wav,3.2243
KAS_M_NAMES_00999.wav,3.2424
KAS_M_NAMES_01022.wav,3.3670
KAS_M_NAMES_01025.wav,3.1519
KAS_M_NAMES_01033.wav,3.2294
KAS_M_NAMES_01041.wav,2.8987
KAS_M_NAMES_01047.wav,3.3680
KAS_M_NAMES_01053.wav,3.4722
KAS_M_NAMES_01055.wav,3.0943
KAS_M_NAMES_01057.wav,3.0698
KAS_M_NAMES_01072.wav,3.1512
KAS_M_NAMES_01078.wav,3.1928
KAS_M_NAMES_01100.wav,3.2359
KAS_M_NAMES_01102.wav,3.0883
KAS_M_NAMES_01108.wav,3.2089
KAS_M_NAMES_01110.wav,3.2425
KAS_M_NAMES_01111.wav,3.5332
KAS_M_NAMES_01113.wav,3.2653
KAS_M_NAMES_01117.wav,3.4914
KAS_M_NAMES_01128.wav,3.1291
KAS_M_NAMES_01135.wav,3.0222
KAS_M_NAMES_01147.wav,2.8503
KAS_M_NAMES_01155.wav,3.0836
KAS_M_NAMES_01171.wav,3.0826
KAS_M_NAMES_01185.wav,3.0049
KAS_M_NAMES_01189.wav,2.9502
KAS_M_NAMES_01193.wav,3.2033
KAS_M_NAMES_01198.wav,3.1204
KAS_M_NAMES_01204.wav,3.6282
KAS_M_NAMES_01210.wav,2.9376
KAS_M_NAMES_01211.wav,3.1943
KAS_M_NAMES_01216.wav,3.2534
KAS_M_NAMES_01221.wav,3.0964
KAS_M_NAMES_01223.wav,3.3474
KAS_M_NAMES_01227.wav,3.4102
KAS_M_NAMES_01246.wav,3.0872
KAS_M_NAMES_01251.wav,2.7967
KAS_M_NAMES_01271.wav,3.1285
KAS_M_NAMES_01276.wav,3.4239
KAS_M_NAMES_01287.wav,3.1206
KAS_M_NAMES_01293.wav,2.9369
KAS_M_NAMES_01303.wav,3.0655
KAS_M_NAMES_01341.wav,3.1035
KAS_M_NAMES_01346.wav,2.9863
KAS_M_NAMES_01349.wav,2.9616
KAS_M_NAMES_01355.wav,2.9837
KAS_M_NAMES_01386.wav,3.2400
KAS_M_NAMES_01387.wav,3.6401
KAS_M_NAMES_01390.wav,3.3724
KAS_M_NAMES_01398.wav,3.0641
KAS_M_NAMES_01410.wav,3.0470
KAS_M_NAMES_01413.wav,2.8534
KAS_M_NAMES_01423.wav,2.6505
KAS_M_NAMES_01430.wav,3.3134
KAS_M_NAMES_01433.wav,3.1003
KAS_M_NAMES_01456.wav,3.3945
KAS_M_NAMES_01485.wav,3.4041
KAS_M_NAMES_01515.wav,3.2220
KAS_M_NAMES_01550.wav,3.3688
KAS_M_NAMES_01558.wav,3.1282
KAS_M_NAMES_01563.wav,3.0685
KAS_M_NAMES_01582.wav,2.9739
KAS_M_NAMES_01611.wav,2.8233
KAS_M_NAMES_01620.wav,2.9092
KAS_M_NAMES_01623.wav,3.0705
KAS_M_NAMES_01643.wav,2.7018
KAS_M_NAMES_01655.wav,3.0214
KAS_M_NAMES_01677.wav,3.2707
KAS_M_NAMES_01687.wav,3.1270
KAS_M_NAMES_01724.wav,3.2386
KAS_M_NAMES_01740.wav,2.7805
KAS_M_NAMES_01744.wav,3.0771
KAS_M_NAMES_01748.wav,2.9389
KAS_M_NAMES_01757.wav,2.9823
KAS_M_NAMES_01761.wav,2.9773
KAS_M_NAMES_01762.wav,3.0952
KAS_M_NAMES_01791.wav,3.0574
KAS_M_NAMES_01799.wav,3.1684
KAS_M_NAMES_01812.wav,3.3979
KAS_M_NAMES_01825.wav,3.4864
KAS_M_NAMES_01827.wav,3.2334
KAS_M_NAMES_01828.wav,3.0069
KAS_M_NAMES_01852.wav,3.3825
KAS_M_NAMES_01866.wav,3.0769
KAS_M_NAMES_01871.wav,3.0787
KAS_M_NAMES_01873.wav,3.1245
KAS_M_NAMES_01881.wav,2.9708
KAS_M_NAMES_01883.wav,2.8883
KAS_M_NAMES_01899.wav,3.0399
KAS_M_NAMES_01907.wav,3.1817
KAS_M_NAMES_01912.wav,2.7875
KAS_M_NAMES_01923.wav,2.9701
KAS_M_NAMES_01951.wav,3.2201
KAS_M_NAMES_01956.wav,3.3855
KAS_M_NAMES_01957.wav,2.9647
KAS_M_NAMES_01978.wav,3.2979
KAS_M_NAMES_02009.wav,2.8821
KAS_M_NAMES_02011.wav,3.2348
KAS_M_NAMES_02028.wav,2.9259
KAS_M_NAMES_02033.wav,3.0322
KAS_M_NAMES_02039.wav,2.8015
KAS_M_NAMES_02042.wav,2.8301
KAS_M_NAMES_02053.wav,3.6149
KAS_M_NAMES_02065.wav,3.0588
KAS_M_NAMES_02124.wav,3.2653
KAS_M_NAMES_02132.wav,3.0317
KAS_M_NAMES_02134.wav,3.6409
KAS_M_NAMES_02136.wav,3.0790
KAS_M_NAMES_02145.wav,3.4047
KAS_M_NAMES_02147.wav,3.3854
KAS_M_NAMES_02152.wav,3.3715
KAS_M_NAMES_02153.wav,3.3240
KAS_M_NAMES_02162.wav,3.3477
KAS_M_NAMES_02185.wav,3.5431
KAS_M_NAMES_02196.wav,3.2817
KAS_M_NAMES_02198.wav,3.2501
KAS_M_NAMES_02210.wav,4.2260
KAS_M_NAMES_02220.wav,3.1823
KAS_M_NAMES_02226.wav,3.1603
KAS_M_NAMES_02227.wav,3.3042
KAS_M_NAMES_02230.wav,3.1439
KAS_M_NAMES_02232.wav,3.6835
KAS_M_NAMES_02234.wav,3.1432
KAS_M_NAMES_02246.wav,3.0924
KAS_M_NAMES_02254.wav,3.2114
KAS_M_NAMES_02272.wav,3.5369
KAS_M_NAMES_02273.wav,3.4752
KAS_M_NAMES_02275.wav,3.6921
KAS_M_NAMES_02285.wav,3.2446
KAS_M_NAMES_02300.wav,3.3585
KAS_M_NAMES_02304.wav,3.7712
KAS_M_NAMES_02306.wav,3.3095
KAS_M_NAMES_02330.wav,3.4877
KAS_M_NAMES_02358.wav,2.8252
KAS_M_NAMES_02361.wav,3.2254
KAS_M_NAMES_02364.wav,3.0661
KAS_M_NAMES_02376.wav,3.5179
KAS_M_NAMES_02377.wav,3.0995
KAS_M_NAMES_02386.wav,3.2066
KAS_M_NAMES_02403.wav,3.2351
KAS_M_NAMES_02405.wav,3.2743
KAS_M_NAMES_02410.wav,3.1317
KAS_M_NAMES_02447.wav,3.1609
KAS_M_NAMES_02458.wav,3.4771
KAS_M_NAMES_02472.wav,3.0834
KAS_M_NAMES_02478.wav,3.0299
KAS_M_NAMES_02481.wav,3.8306
KAS_M_NAMES_02484.wav,3.4020
KAS_M_NAMES_02495.wav,3.1226
KAS_M_NAMES_02498.wav,3.2876
KAS_M_NAMES_02503.wav,3.4136
KAS_M_NAMES_02513.wav,2.9363
KAS_M_NAMES_02516.wav,3.4532
KAS_M_NAMES_02519.wav,3.8361
KAS_M_NAMES_02525.wav,3.4637
KAS_M_NAMES_02535.wav,3.0580
KAS_M_NAMES_02545.wav,3.1099
KAS_M_NAMES_02561.wav,2.8774
KAS_M_NAMES_02566.wav,3.0873
KAS_M_NAMES_02569.wav,2.8321
KAS_M_NAMES_02570.wav,3.0733
KAS_M_NAMES_02606.wav,2.8692
KAS_M_NAMES_02621.wav,3.0625
KAS_M_NAMES_02632.wav,3.0866
KAS_M_NAMES_02633.wav,3.1390
KAS_M_NAMES_02634.wav,3.1206
KAS_M_NAMES_02640.wav,3.1469
KAS_M_NAMES_02663.wav,4.0599
KAS_M_NAMES_02668.wav,4.0843
KAS_M_NAMES_02678.wav,5.8355
KAS_M_NAMES_02683.wav,4.4083
KAS_M_NAMES_02686.wav,4.0247
KAS_M_NAMES_02687.wav,4.8201
KAS_M_NAMES_02695.wav,4.6656
KAS_M_NAMES_02696.wav,4.8083
KAS_M_NAMES_02704.wav,4.7210
KAS_M_NAMES_02716.wav,3.6326
KAS_M_NAMES_02719.wav,2.9418
KAS_M_NAMES_02721.wav,2.9178
KAS_M_NAMES_02722.wav,2.7698
KAS_M_NAMES_02734.wav,2.9420
KAS_M_NAMES_02737.wav,3.3821
KAS_M_NAMES_02758.wav,3.1260
KAS_M_NAMES_02765.wav,3.3507
KAS_M_NAMES_02779.wav,3.0213
KAS_M_NAMES_02796.wav,3.3586
KAS_M_NAMES_02799.wav,3.0806
KAS_M_NAMES_02800.wav,3.1314
KAS_M_NAMES_02810.wav,3.6523
KAS_M_NAMES_02816.wav,3.3857
KAS_M_NAMES_02821.wav,3.3547
KAS_M_NAMES_02829.wav,3.0283
KAS_M_NAMES_02830.wav,3.4249
KAS_M_NAMES_02838.wav,2.9364
KAS_M_NAMES_02841.wav,3.0653
KAS_M_NAMES_02847.wav,3.6047
KAS_M_NAMES_02852.wav,3.2092
KAS_M_NAMES_02857.wav,3.0800
KAS_M_NAMES_02865.wav,3.4265
KAS_M_NAMES_02868.wav,3.1557
KAS_M_NAMES_02869.wav,3.0248
KAS_M_NAMES_02906.wav,3.2839
KAS_M_NAMES_02912.wav,3.9247
KAS_M_NEWS_00032.wav,3.0264
KAS_M_NEWS_00048.wav,2.9415
KAS_M_NEWS_00074.wav,3.2068
KAS_M_NEWS_00085.wav,2.8597
KAS_M_NEWS_00092.wav,2.7821
KAS_M_NEWS_00098.wav,2.8845
KAS_M_NEWS_00099.wav,3.0493
KAS_M_NEWS_00102.wav,3.7943
KAS_M_NEWS_00117.wav,3.3570
KAS_M_NEWS_00124.wav,3.0566
KAS_M_NEWS_00144.wav,2.9203
KAS_M_NEWS_00163.wav,3.1879
KAS_M_NEWS_00169.wav,3.1246
KAS_M_NEWS_00196.wav,3.0807
KAS_M_NEWS_00197.wav,3.1166
KAS_M_NEWS_00212.wav,3.1155
KAS_M_NEWS_00213.wav,3.0601
KAS_M_NEWS_00217.wav,2.9663
KAS_M_NEWS_00221.wav,3.0531
KAS_M_NEWS_00241.wav,2.9083
KAS_M_NEWS_00243.wav,3.0435
KAS_M_NEWS_00249.wav,3.1011
KAS_M_NEWS_00259.wav,2.9838
KAS_M_NEWS_00277.wav,3.0761
KAS_M_NEWS_00281.wav,3.1131
KAS_M_NEWS_00288.wav,3.1253
KAS_M_NEWS_00295.wav,3.0886
KAS_M_NEWS_00339.wav,3.0756
KAS_M_NEWS_00356.wav,3.0252
KAS_M_NEWS_00358.wav,3.0258
KAS_M_NEWS_00380.wav,3.2269
KAS_M_NEWS_00397.wav,3.0388
KAS_M_NEWS_00401.wav,3.0004
KAS_M_NEWS_00437.wav,2.9685
KAS_M_NEWS_00448.wav,3.0111
KAS_M_NEWS_00456.wav,3.3648
KAS_M_NEWS_00458.wav,2.9596
KAS_M_NEWS_00469.wav,3.0609
KAS_M_NEWS_00472.wav,3.1311
KAS_M_NEWS_00505.wav,3.1061
KAS_M_NEWS_00517.wav,3.0084
KAS_M_NEWS_00525.wav,3.0294
KAS_M_NEWS_00550.wav,2.9805
KAS_M_NEWS_00560.wav,3.0223
KAS_M_NEWS_00565.wav,3.0557
KAS_M_NEWS_00569.wav,3.2222
KAS_M_NEWS_00574.wav,3.2143
KAS_M_NEWS_00581.wav,3.0003
KAS_M_NEWS_00585.wav,3.0044
KAS_M_NEWS_00612.wav,2.8811
KAS_M_NEWS_00617.wav,3.1206
KAS_M_NEWS_00638.wav,3.2829
KAS_M_NEWS_00640.wav,2.8844
KAS_M_NEWS_00669.wav,3.1234
KAS_M_NEWS_00686.wav,3.2388
KAS_M_NEWS_00693.wav,3.0210
KAS_M_NEWS_00715.wav,3.0463
KAS_M_NEWS_00721.wav,3.2539
KAS_M_NEWS_00731.wav,2.8634
KAS_M_NEWS_00737.wav,3.0215
KAS_M_NEWS_00742.wav,2.9356
KAS_M_NEWS_00753.wav,2.9375
KAS_M_NEWS_00759.wav,3.0543
KAS_M_NEWS_00767.wav,2.7433
KAS_M_NEWS_00778.wav,3.1594
KAS_M_NEWS_00800.wav,3.5431
KAS_M_NEWS_00823.wav,2.8630
KAS_M_NEWS_00839.wav,2.9072
KAS_M_NEWS_00869.wav,2.7844
KAS_M_NEWS_00885.wav,2.9790
KAS_M_NEWS_00900.wav,2.8709
KAS_M_NEWS_00910.wav,2.9334
KAS_M_NEWS_00911.wav,2.9012
KAS_M_NEWS_00916.wav,3.1920
KAS_M_NEWS_00922.wav,2.9907
KAS_M_NEWS_00932.wav,2.9169
KAS_M_SAD_00005.wav,2.8456
KAS_M_SAD_00010.wav,2.8245
KAS_M_SAD_00017.wav,2.9539
KAS_M_SAD_00025.wav,2.9393
KAS_M_SAD_00026.wav,2.8586
KAS_M_SAD_00033.wav,3.0186
KAS_M_SAD_00078.wav,2.8005
KAS_M_SAD_00086.wav,3.2119
KAS_M_SAD_00102.wav,2.9362
KAS_M_SAD_00124.wav,3.0427
KAS_M_SAD_00137.wav,2.9454
KAS_M_SAD_00168.wav,2.8219
KAS_M_SAD_00174.wav,2.8657
KAS_M_SAD_00178.wav,2.8731
KAS_M_SAD_00183.wav,2.8444
KAS_M_SAD_00185.wav,2.7339
KAS_M_SAD_00208.wav,3.2109
KAS_M_SAD_00209.wav,3.0370
KAS_M_SAD_00216.wav,2.9676
KAS_M_SAD_00230.wav,2.7733
KAS_M_SAD_00255.wav,3.0605
KAS_M_SAD_00261.wav,2.8937
KAS_M_SAD_00290.wav,2.9246
KAS_M_SAD_00292.wav,2.8589
KAS_M_SAD_00297.wav,2.9680
KAS_M_SAD_00300.wav,2.7579
KAS_M_SAD_00310.wav,2.8581
KAS_M_SAD_00316.wav,3.1807
KAS_M_SAD_00334.wav,2.8040
KAS_M_SAD_00338.wav,2.8978
KAS_M_SAD_00374.wav,2.9635
KAS_M_SAD_00395.wav,2.9336
KAS_M_SAD_00397.wav,2.8097
KAS_M_SAD_00411.wav,2.6278
KAS_M_SAD_00416.wav,2.7027
KAS_M_SAD_00420.wav,2.8948
KAS_M_SAD_00423.wav,3.0071
KAS_M_SAD_00440.wav,2.7642
KAS_M_SAD_00442.wav,3.0493
KAS_M_SAD_00451.wav,2.8637
KAS_M_SAD_00471.wav,3.0365
KAS_M_SAD_00475.wav,2.8749
KAS_M_SAD_00483.wav,2.8683
KAS_M_SURPRISE_00001.wav,3.1509
KAS_M_SURPRISE_00030.wav,2.9947
KAS_M_SURPRISE_00037.wav,2.9338
KAS_M_SURPRISE_00045.wav,2.8525
KAS_M_SURPRISE_00051.wav,2.8785
KAS_M_SURPRISE_00067.wav,3.1280
KAS_M_SURPRISE_00073.wav,2.9488
KAS_M_SURPRISE_00076.wav,3.1750
KAS_M_SURPRISE_00080.wav,2.9561
KAS_M_SURPRISE_00089.wav,3.0359
KAS_M_SURPRISE_00094.wav,3.2773
KAS_M_SURPRISE_00096.wav,3.0921
KAS_M_SURPRISE_00115.wav,2.7160
KAS_M_SURPRISE_00137.wav,3.1040
KAS_M_SURPRISE_00148.wav,2.9966
KAS_M_SURPRISE_00165.wav,2.9709
KAS_M_SURPRISE_00172.wav,3.3194
KAS_M_SURPRISE_00188.wav,2.9139
KAS_M_SURPRISE_00195.wav,3.1558
KAS_M_SURPRISE_00196.wav,3.0539
KAS_M_SURPRISE_00205.wav,3.0146
KAS_M_SURPRISE_00208.wav,2.7975
KAS_M_SURPRISE_00224.wav,3.0269
KAS_M_SURPRISE_00250.wav,3.2475
KAS_M_SURPRISE_00266.wav,2.9667
KAS_M_SURPRISE_00274.wav,2.8768
KAS_M_SURPRISE_00296.wav,3.0317
KAS_M_SURPRISE_00314.wav,3.2168
KAS_M_SURPRISE_00330.wav,2.9290
KAS_M_SURPRISE_00331.wav,2.8930
KAS_M_SURPRISE_00338.wav,2.8665
KAS_M_SURPRISE_00353.wav,3.0467
KAS_M_SURPRISE_00359.wav,3.1043
KAS_M_SURPRISE_00379.wav,2.8720
KAS_M_SURPRISE_00386.wav,3.0180
KAS_M_SURPRISE_00405.wav,3.0381
KAS_M_SURPRISE_00437.wav,2.8477
KAS_M_SURPRISE_00459.wav,3.0186
KAS_M_SURPRISE_00461.wav,2.8137
KAS_M_SURPRISE_00468.wav,2.9738
KAS_M_SURPRISE_00470.wav,2.9059
KAS_M_SURPRISE_00480.wav,3.0076
KAS_M_SURPRISE_00483.wav,3.0727
KAS_M_SURPRISE_00490.wav,3.1341
KAS_M_SURPRISE_00498.wav,3.0241
KAS_M_SURPRISE_00505.wav,2.9195
KAS_M_SURPRISE_00507.wav,2.8858
KAS_M_UMANG_00004.wav,2.8270
KAS_M_UMANG_00005.wav,2.9039
KAS_M_UMANG_00012.wav,2.8885
KAS_M_UMANG_00021.wav,3.1767
KAS_M_UMANG_00029.wav,2.8680
KAS_M_UMANG_00034.wav,2.8255
KAS_M_UMANG_00049.wav,2.9318
KAS_M_UMANG_00055.wav,2.7777
KAS_M_UMANG_00056.wav,2.8756
KAS_M_UMANG_00089.wav,2.7901
KAS_M_UMANG_00092.wav,2.8986
KAS_M_UMANG_00095.wav,2.8954
KAS_M_UMANG_00099.wav,2.8257
KAS_M_UMANG_00102.wav,2.8888
KAS_M_UMANG_00108.wav,3.1192
KAS_M_UMANG_00120.wav,3.1581
KAS_M_UMANG_00132.wav,3.0011
KAS_M_WIKI_00005.wav,2.9272
KAS_M_WIKI_00009.wav,2.8877
KAS_M_WIKI_00016.wav,3.1378
KAS_M_WIKI_00022.wav,3.0317
KAS_M_WIKI_00042.wav,3.1120
KAS_M_WIKI_00043.wav,3.2216
KAS_M_WIKI_00065.wav,2.9681
KAS_M_WIKI_00077.wav,3.0498
KAS_M_WIKI_00078.wav,2.9890
KAS_M_WIKI_00081.wav,3.0721
KAS_M_WIKI_00130.wav,2.9659
KAS_M_WIKI_00170.wav,2.9651
KAS_M_WIKI_00203.wav,2.8725
KAS_M_WIKI_00215.wav,3.1850
KAS_M_WIKI_00223.wav,2.8255
KAS_M_WIKI_00241.wav,3.1060
KAS_M_WIKI_00242.wav,3.1888
KAS_M_WIKI_00243.wav,3.2426
KAS_M_WIKI_00246.wav,3.5393
KAS_M_WIKI_00249.wav,3.2080
KAS_M_WIKI_00251.wav,3.0266
KAS_M_WIKI_00255.wav,3.1046
KAS_M_WIKI_00262.wav,3.0793
KAS_M_WIKI_00273.wav,3.4133
KAS_M_WIKI_00303.wav,3.1381
KAS_M_WIKI_00336.wav,3.2905
KAS_M_WIKI_00360.wav,3.0725
KAS_M_WIKI_00381.wav,3.3176
KAS_M_WIKI_00384.wav,2.8217
KAS_M_WIKI_00388.wav,3.0423
KAS_M_WIKI_00389.wav,3.0578
KAS_M_WIKI_00392.wav,2.8140
KAS_M_WIKI_00418.wav,3.4692
KAS_M_WIKI_00420.wav,2.7802
KAS_M_WIKI_00437.wav,3.0149
KAS_M_WIKI_00441.wav,2.8377
KAS_M_WIKI_00443.wav,3.0821
KAS_M_WIKI_00444.wav,3.1595
KAS_M_WIKI_00462.wav,2.8094
KAS_M_WIKI_00488.wav,2.8219
KAS_M_WIKI_00500.wav,3.1768
KAS_M_WIKI_00510.wav,3.0260
KAS_M_WIKI_00539.wav,3.4421
KAS_M_WIKI_00550.wav,3.0247
KAS_M_WIKI_00553.wav,3.1821
KAS_M_WIKI_00568.wav,3.3050
KAS_M_WIKI_00584.wav,3.0666
KAS_M_WIKI_00585.wav,3.2322
KAS_M_WIKI_00591.wav,2.9291
KAS_M_WIKI_00609.wav,2.9076
KAS_M_WIKI_00620.wav,3.1433
KAS_M_WIKI_00624.wav,2.8679
KAS_M_WIKI_00636.wav,3.1029
KAS_M_WIKI_00651.wav,3.1637
KAS_M_WIKI_00657.wav,3.3367
KAS_M_WIKI_00670.wav,3.1790
KAS_M_WIKI_00672.wav,3.3729
KAS_M_WIKI_00673.wav,3.1523
KAS_M_WIKI_00678.wav,3.3347
KAS_M_WIKI_00688.wav,2.9759
KAS_M_WIKI_00708.wav,3.1341
KAS_M_WIKI_00712.wav,3.2354
KAS_M_WIKI_00716.wav,3.0533
KAS_M_WIKI_00732.wav,3.2970
KAS_M_WIKI_00749.wav,3.1255
KAS_M_WIKI_00760.wav,2.9615
KAS_M_WIKI_00770.wav,3.0612
KAS_M_WIKI_00787.wav,3.0740
KAS_M_WIKI_00796.wav,2.9907
KAS_M_WIKI_00825.wav,3.2397
KAS_M_WIKI_00837.wav,2.8711
KAS_M_WIKI_00843.wav,2.9586
KAS_M_WIKI_00849.wav,2.9216
KAS_M_WIKI_00852.wav,3.1354
KAS_M_WIKI_00862.wav,3.0177
KAS_M_WIKI_00884.wav,3.3440
KAS_M_WIKI_00896.wav,3.0671
KAS_M_WIKI_00897.wav,3.0858
KAS_M_WIKI_00934.wav,3.3057
KAS_M_WIKI_00949.wav,3.4774
KAS_M_WIKI_00959.wav,3.3110
KAS_M_WIKI_00967.wav,3.1624
KAS_M_WIKI_00969.wav,3.0835
KAS_M_WIKI_00981.wav,3.2393
KAS_M_WIKI_00986.wav,3.1159
KAS_M_WIKI_00994.wav,3.2327
KAS_M_WIKI_01006.wav,3.2364
KAS_M_WIKI_01009.wav,3.2227
KAS_M_WIKI_01015.wav,3.4867
KAS_M_WIKI_01020.wav,3.3795
KAS_M_WIKI_01021.wav,3.1365
KAS_M_WIKI_01025.wav,3.5894
KAS_M_WIKI_01027.wav,3.5643
KAS_M_WIKI_01035.wav,3.3485
KAS_M_WIKI_01039.wav,3.1451
KAS_M_WIKI_01042.wav,3.0057
KAS_M_WIKI_01048.wav,3.0441
KAS_M_WIKI_01062.wav,3.2988
KAS_M_WIKI_01073.wav,3.4464
KAS_M_WIKI_01076.wav,3.4345
KAS_M_WIKI_01124.wav,3.0959
KAS_M_WIKI_01133.wav,3.3564
KAS_M_WIKI_01134.wav,2.9375
KAS_M_WIKI_01138.wav,2.8092
KAS_M_WIKI_01139.wav,3.0058
KAS_M_WIKI_01148.wav,3.1669
KAS_M_WIKI_01152.wav,3.4743
KAS_M_WIKI_01158.wav,2.9464
KAS_M_WIKI_01160.wav,3.2548
KAS_M_WIKI_01161.wav,3.0361
KAS_M_WIKI_01169.wav,3.1287
KAS_M_WIKI_01182.wav,2.9004
KAS_M_WIKI_01195.wav,3.2794
KAS_M_WIKI_01198.wav,3.2411
KAS_M_WIKI_01206.wav,3.2207
KAS_M_WIKI_01237.wav,3.0616
KAS_M_WIKI_01272.wav,3.1386
KAS_M_WIKI_01287.wav,2.8792
KAS_M_WIKI_01290.wav,3.0501
KAS_M_WIKI_01300.wav,2.8473
KAS_M_WIKI_01301.wav,3.2069
KAS_M_WIKI_01302.wav,3.2071
KAS_M_WIKI_01317.wav,3.2949
KAS_M_WIKI_01322.wav,3.3709
KAS_M_WIKI_01330.wav,3.4183
KAS_M_WIKI_01341.wav,3.2435
KAS_M_WIKI_01356.wav,3.3261
KAS_M_WIKI_01385.wav,3.3826
KAS_M_WIKI_01390.wav,3.1685
KAS_M_WIKI_01393.wav,2.8802
KAS_M_WIKI_01418.wav,3.0916
KAS_M_WIKI_01435.wav,3.2774
KAS_M_WIKI_01474.wav,3.0645
KAS_M_WIKI_01487.wav,3.2000
KAS_M_WIKI_01489.wav,2.9029
KAS_M_WIKI_01498.wav,3.0799
KAS_M_WIKI_01508.wav,3.2172
KAS_M_WIKI_01511.wav,3.0104
KAS_M_WIKI_01516.wav,2.9305
KAS_M_WIKI_01523.wav,3.6055
KAS_M_WIKI_01525.wav,2.8122
KAS_M_WIKI_01532.wav,3.0686
KAS_M_WIKI_01549.wav,3.3329
KAS_M_WIKI_01559.wav,2.9104
KAS_M_WIKI_01563.wav,3.1883
KAS_M_WIKI_01575.wav,3.1563
KAS_M_WIKI_01577.wav,3.2140
KAS_M_WIKI_01580.wav,3.1360
KAS_M_WIKI_01582.wav,3.2342
KAS_M_WIKI_01584.wav,3.1721
KAS_M_WIKI_01588.wav,3.5338
KAS_M_WIKI_01595.wav,3.4052
KAS_M_WIKI_01605.wav,3.5489
KAS_M_WIKI_01610.wav,3.3449
KAS_M_WIKI_01619.wav,3.0057
KAS_M_WIKI_01629.wav,3.2758
KAS_M_WIKI_01658.wav,2.9497
KAS_M_WIKI_01664.wav,3.1390
KAS_M_WIKI_01672.wav,3.0573
KAS_M_WIKI_01682.wav,2.9710
KAS_M_WIKI_01684.wav,3.2268
KAS_M_WIKI_01696.wav,2.9945
KAS_M_WIKI_01710.wav,3.1563
KAS_M_WIKI_01718.wav,3.5327
KAS_M_WIKI_01732.wav,3.2701
KAS_M_WIKI_01739.wav,3.1867
KAS_M_WIKI_01740.wav,3.1477
KAS_M_WIKI_01752.wav,3.2775
KAS_M_WIKI_01758.wav,3.4605
KAS_M_WIKI_01805.wav,3.2717
KAS_M_WIKI_01806.wav,2.9637
KAS_M_WIKI_01807.wav,2.9328
KAS_M_WIKI_01821.wav,3.2168
KAS_M_WIKI_01836.wav,3.2758
KAS_M_WIKI_01845.wav,3.0760
KAS_M_WIKI_01874.wav,3.1286
KAS_M_WIKI_01875.wav,3.7695
KAS_M_WIKI_01884.wav,3.3874
KAS_M_WIKI_01905.wav,3.2440
KAS_M_WIKI_01915.wav,3.0709
KAS_M_WIKI_01918.wav,3.3899
KAS_M_WIKI_01923.wav,3.4379
KAS_M_WIKI_01938.wav,3.2496
KAS_M_WIKI_01943.wav,3.4745
KAS_M_WIKI_01945.wav,3.2957
KAS_M_WIKI_01953.wav,3.3710
KAS_M_WIKI_01957.wav,3.2023
KAS_M_WIKI_01972.wav,3.2686
KAS_M_WIKI_01974.wav,3.1082
KAS_M_WIKI_01983.wav,2.9936
KAS_M_WIKI_01996.wav,3.2473
KAS_M_WIKI_02008.wav,3.0241
KAS_M_WIKI_02010.wav,3.0195
KAS_M_WIKI_02042.wav,3.1060
KAS_M_WIKI_02043.wav,3.2046
KAS_M_WIKI_02044.wav,3.1522
KAS_M_WIKI_02054.wav,3.2548
KAS_M_WIKI_02056.wav,3.2041
KAS_M_WIKI_02058.wav,3.4257
KAS_M_WIKI_02081.wav,3.1332
KAS_M_WIKI_02093.wav,3.2170
KAS_M_WIKI_02094.wav,3.1971
KAS_M_WIKI_02102.wav,3.0796
KAS_M_WIKI_02110.wav,2.8986
KAS_M_WIKI_02111.wav,3.1524
KAS_M_WIKI_02147.wav,2.9534
KAS_M_WIKI_02156.wav,3.0742
KAS_M_WIKI_02171.wav,2.8357
KAS_M_WIKI_02180.wav,2.9333
KAS_M_WIKI_02190.wav,2.9187
KAS_M_WIKI_02201.wav,2.7698
KAS_M_WIKI_02204.wav,3.0641
KAS_M_WIKI_02217.wav,3.1937
KAS_M_WIKI_02232.wav,2.9907
KAS_M_WIKI_02241.wav,3.0444
KAS_M_WIKI_02248.wav,3.0163
KAS_M_WIKI_02251.wav,2.9818
KAS_M_WIKI_02286.wav,2.8184
KAS_M_WIKI_02299.wav,2.9890
KAS_M_WIKI_02310.wav,3.0208
KAS_M_WIKI_02333.wav,2.9587
KAS_M_WIKI_02360.wav,2.9302
KAS_M_WIKI_02361.wav,3.0346
KAS_M_WIKI_02367.wav,2.9572
KAS_M_WIKI_02371.wav,3.0205
KAS_M_WIKI_02376.wav,3.0936
KAS_M_WIKI_02383.wav,2.9282
KAS_M_WIKI_02393.wav,3.1409
KAS_M_WIKI_02404.wav,2.9552
KAS_M_WIKI_02409.wav,3.0672
KAS_M_WIKI_02418.wav,3.0505
KAS_M_WIKI_02420.wav,3.0611
KAS_M_WIKI_02432.wav,2.9287
KAS_M_WIKI_02442.wav,3.0323
KAS_M_WIKI_02452.wav,2.9806
KAS_M_WIKI_02453.wav,2.8505
KAS_M_WIKI_02482.wav,3.1933
KAS_M_WIKI_02496.wav,3.4257
KAS_M_WIKI_02498.wav,3.1497
KAS_M_WIKI_02512.wav,3.0508
KAS_M_WIKI_02516.wav,2.8026
KAS_M_WIKI_02545.wav,3.1951
KAS_M_WIKI_02554.wav,3.0763
KAS_M_WIKI_02558.wav,3.0229
KAS_M_WIKI_02569.wav,3.0373
KAS_M_WIKI_02576.wav,2.7551
KAS_M_WIKI_02619.wav,3.0194
KAS_M_WIKI_02624.wav,2.8111
KAS_M_WIKI_02627.wav,3.2161
KAS_M_WIKI_02655.wav,2.9525
KAS_M_WIKI_02663.wav,2.8887
KAS_M_WIKI_02680.wav,3.2241
KAS_M_WIKI_02683.wav,3.0177
KAS_M_WIKI_02687.wav,3.0018
KAS_M_WIKI_02692.wav,2.7828
KAS_M_WIKI_02693.wav,3.1884
KAS_M_WIKI_02737.wav,3.1601
KAS_M_WIKI_02739.wav,2.9355
KAS_M_WIKI_02754.wav,2.8674
KAS_M_WIKI_02761.wav,2.9054
KAS_M_WIKI_02765.wav,3.2425
KAS_M_WIKI_02770.wav,2.9552
KAS_M_WIKI_02786.wav,2.9229
KAS_M_WIKI_02788.wav,2.8927
KAS_M_WIKI_02798.wav,2.9213
KAS_M_WIKI_02809.wav,2.8494
KAS_M_WIKI_02839.wav,2.8836
KAS_M_WIKI_02843.wav,3.0218
KAS_M_WIKI_02845.wav,3.1667
KAS_M_WIKI_02851.wav,2.9194
KAS_M_WIKI_02853.wav,2.9592
KAS_M_WIKI_02861.wav,2.9321
KAS_M_WIKI_02862.wav,2.8124
KAS_M_WIKI_02864.wav,3.0949
KAS_M_WIKI_02888.wav,2.9367
KAS_M_WIKI_02889.wav,2.7483
KAS_M_WIKI_02891.wav,2.8169
KAS_M_WIKI_02916.wav,3.0324
KAS_M_WIKI_02917.wav,2.9222
KAS_M_WIKI_02939.wav,2.7927
KAS_M_WIKI_02946.wav,3.1772
KAS_M_WIKI_02958.wav,3.0945
KAS_M_WIKI_02975.wav,3.2578
KAS_M_WIKI_02991.wav,3.1747
KAS_M_WIKI_03011.wav,3.2522
KAS_M_WIKI_03014.wav,3.1807
KAS_M_WIKI_03043.wav,2.9169
KAS_M_WIKI_03045.wav,2.9744
KAS_M_WIKI_03051.wav,2.9201
KAS_M_WIKI_03054.wav,3.0792
KAS_M_WIKI_03059.wav,2.9443
KAS_M_WIKI_03061.wav,3.0840
KAS_M_WIKI_03078.wav,3.0879
KAS_M_WIKI_03085.wav,3.2754
KAS_M_WIKI_03118.wav,2.8674
KAS_M_WIKI_03131.wav,2.9411
KAS_M_WIKI_03159.wav,3.4745
KAS_M_WIKI_03182.wav,3.3809
KAS_M_WIKI_03195.wav,2.9677
KAS_M_WIKI_03199.wav,2.9547
KAS_M_WIKI_03206.wav,2.9813
KAS_M_WIKI_03211.wav,2.9184
KAS_M_WIKI_03212.wav,3.1738
KAS_M_WIKI_03218.wav,3.0468
KAS_M_WIKI_03229.wav,2.9833
KAS_M_WIKI_03233.wav,2.9760
KAS_M_WIKI_03240.wav,3.2650
KAS_M_WIKI_03243.wav,3.0975
KAS_M_WIKI_03257.wav,2.8973
KAS_M_WIKI_03268.wav,3.0032
KAS_M_WIKI_03273.wav,2.8219
KAS_M_WIKI_03274.wav,2.8760
KAS_M_WIKI_03287.wav,3.4594
KAS_M_WIKI_03294.wav,2.9220
KAS_M_WIKI_03303.wav,2.8798
KAS_M_WIKI_03319.wav,2.9029
KAS_M_WIKI_03322.wav,2.8692
KAS_M_WIKI_03323.wav,2.9547
KAS_M_WIKI_03324.wav,2.7007
KAS_M_WIKI_03357.wav,3.1308
KAS_M_WIKI_03359.wav,2.9075
KAS_M_WIKI_03375.wav,3.1105
KAS_M_WIKI_03384.wav,2.8135
KAS_M_WIKI_03398.wav,2.9545
KAS_M_WIKI_03410.wav,3.1230
KAS_M_WIKI_03417.wav,3.1123
KAS_M_WIKI_03434.wav,3.0640
KAS_M_WIKI_03440.wav,3.2724
KAS_M_WIKI_03453.wav,3.0536
KAS_M_WIKI_03465.wav,2.7799
KAS_M_WIKI_03471.wav,3.2212
KAS_M_WIKI_03474.wav,2.8910
KAS_M_WIKI_03478.wav,2.8504
KAS_M_WIKI_03481.wav,3.3669
KAS_M_WIKI_03487.wav,3.0196
KAS_M_WIKI_03492.wav,3.0900
KAS_M_WIKI_03497.wav,3.0444
KAS_M_WIKI_03505.wav,3.2145
KAS_M_WIKI_03514.wav,3.2238
KAS_M_WIKI_03517.wav,2.9026
KAS_M_WIKI_03529.wav,3.1634
KAS_M_WIKI_03534.wav,2.9876
KAS_M_WIKI_03548.wav,2.9300
KAS_M_WIKI_03549.wav,3.0948
KAS_M_WIKI_03560.wav,3.0338
KAS_M_WIKI_03563.wav,3.1396
KAS_M_WIKI_03568.wav,2.9239
KAS_M_WIKI_03579.wav,3.5015
KAS_M_WIKI_03581.wav,3.2662
KAS_M_WIKI_03584.wav,3.1765
KAS_M_WIKI_03597.wav,3.1338
KAS_M_WIKI_03614.wav,3.1448
KAS_M_WIKI_03616.wav,2.9098
KAS_M_WIKI_03618.wav,3.1492
KAS_M_WIKI_03619.wav,3.0333
KAS_M_WIKI_03622.wav,2.8324
KAS_M_WIKI_03629.wav,2.8594
KAS_M_WIKI_03632.wav,2.9473
KAS_M_WIKI_03652.wav,2.8495
KAS_M_WIKI_03659.wav,3.2030
KAS_M_WIKI_03672.wav,2.9474
KAS_M_WIKI_03675.wav,2.8082
KAS_M_WIKI_03678.wav,3.2152
KAS_M_WIKI_03684.wav,2.9996
KAS_M_WIKI_03704.wav,2.8866
KAS_M_WIKI_03708.wav,3.0370
KAS_M_WIKI_03713.wav,2.8971
KAS_M_WIKI_03721.wav,2.9190
KAS_M_WIKI_03724.wav,2.9053
KAS_M_WIKI_03737.wav,2.9229
KAS_M_WIKI_03746.wav,2.9760
KAS_M_WIKI_03766.wav,3.2275
KAS_M_WIKI_03773.wav,2.9220
KAS_M_WIKI_03785.wav,2.9535
KAS_M_WIKI_03786.wav,2.8267
KAS_M_WIKI_03790.wav,2.8332
KAS_M_WIKI_03805.wav,2.8890
KAS_M_WIKI_03819.wav,2.7026
KAS_M_WIKI_03822.wav,3.0945
KAS_M_WIKI_03825.wav,2.7921
KAS_M_WIKI_03837.wav,2.8274
KAS_M_WIKI_03838.wav,3.0376
KAS_M_WIKI_03839.wav,3.0450
KAS_M_WIKI_03852.wav,3.0026
KAS_M_WIKI_03859.wav,3.0054
KAS_M_WIKI_03861.wav,2.8581
